subject,pool,trial,story,verb,wh,report,response
108.53.051.141,rutgers,F-A F-K,prom,know,where,fc,0
165.030.004.105,rutgers,F-A F-K,prom,know,where,fc,0
165.030.004.90,rutgers,F-A F-K,prom,know,where,fc,0
70.190.71.170,rutgers,F-A F-K,prom,know,where,fc,0
165.030.004.000,rutgers,F-A F-K,prom,know,where,fc,1
70.80.109.003,rutgers,F-A F-K,prom,know,where,fc,0
190.150.043.015,rutgers,F-A F-K,prom,know,where,fc,0
67.86.050.170,rutgers,F-A F-K,prom,know,where,fc,0
67.86.050.170,rutgers,F-A F-K,prom,know,where,fc,0
165.030.005.006,rutgers,F-A F-K,prom,know,where,fc,0
04.186.119.108,rutgers,F-A F-K,prom,know,where,fc,1
71.170.41.196,rutgers,F-A F-K,prom,know,where,fc,0
69.106.040.158,rutgers,F-A F-K,prom,know,where,fc,0
165.030.004.036,rutgers,F-A F-K,prom,know,where,fc,0
69.141.140.013,rutgers,F-A F-K,prom,know,where,fc,0
165.030.004.57,rutgers,F-A F-K,prom,know,where,fc,0
165.030.004.66,rutgers,F-A F-K,prom,know,where,fc,0
98.001.64.175,rutgers,F-A F-K,prom,know,where,fc,0
165.030.005.99,rutgers,F-A F-K,prom,know,where,fc,0
173.0.107.89,rutgers,F-A F-K,prom,know,where,fc,0
68.181.206.25,online,F-A F-K,prom,know,where,fc,0
166.170.28.46,online,F-A F-K,prom,know,where,fc,0
65.112.10.174,online,F-A F-K,prom,know,where,fc,0
150.108.216.96,online,F-A F-K,prom,know,where,fc,0
24.185.2.85,online,F-A F-K,prom,know,where,fc,0
71.126.138.173,online,F-A F-K,prom,know,where,fc,0
71.66.228.164,online,F-A F-K,prom,know,where,fc,0
50.153.246.193,online,F-A F-K,prom,know,where,fc,1
47.20.0.183,online,F-A F-K,prom,know,where,fc,0
77.101.65.83,online,F-A F-K,prom,know,where,fc,0
173.63.44.8,online,F-A F-K,prom,know,where,fc,0
172.58.137.226,online,F-A F-K,prom,know,where,fc,0
73.72.139.14,online,F-A F-K,prom,know,where,fc,0
73.134.84.161,online,F-A F-K,prom,know,where,fc,0
165.230.224.64,online,F-A F-K,prom,know,where,fc,0
76.167.240.24,online,F-A F-K,prom,know,where,fc,0
98.25.196.90,online,F-A F-K,prom,know,where,fc,1
108.237.150.35,online,F-A F-K,prom,know,where,fc,0
172.56.16.204,online,F-A F-K,prom,know,where,fc,0
164.67.237.91,online,F-A F-K,prom,know,where,fc,0
173.79.59.181,online,F-A F-K,prom,know,where,fc,0
73.242.55.235,online,F-A F-K,prom,know,where,fc,0
147.222.216.116,online,F-A F-K,prom,know,where,fc,0
12.167.141.60,online,F-A F-K,prom,know,where,fc,0
136.160.90.3,online,F-A F-K,prom,know,where,fc,1
67.84.43.204,online,F-A F-K,prom,know,where,fc,0
50.32.254.161,online,F-A F-K,prom,know,where,fc,0
167.219.88.140,online,F-A F-K,prom,know,where,fc,0
68.170.94.47,online,F-A F-K,prom,know,where,fc,0
162.239.1.6,online,F-A F-K,prom,know,where,fc,0
73.182.225.53,online,F-A F-K,prom,know,where,fc,0
192.231.177.29,online,F-A F-K,prom,know,where,fc,0
73.200.22.97,online,F-A F-K,prom,know,where,fc,0
108.53.051.141,rutgers,FB-where,binders,know,where,t+f,0
108.53.051.141,rutgers,FB-where,groceries,know,where,t+f,1
165.030.004.105,rutgers,FB-where,binders,know,where,t+f,1
165.030.004.105,rutgers,FB-where,groceries,know,where,t+f,0
165.030.004.90,rutgers,FB-where,binders,know,where,t+f,0
165.030.004.90,rutgers,FB-where,groceries,know,where,t+f,0
70.190.71.170,rutgers,FB-where,binders,know,where,t+f,1
70.190.71.170,rutgers,FB-where,groceries,know,where,t+f,0
165.030.004.000,rutgers,FB-where,binders,know,where,t+f,1
165.030.004.000,rutgers,FB-where,groceries,know,where,t+f,1
70.80.109.003,rutgers,FB-where,binders,know,where,t+f,1
70.80.109.003,rutgers,FB-where,groceries,know,where,t+f,0
190.150.043.015,rutgers,FB-where,binders,know,where,t+f,0
190.150.043.015,rutgers,FB-where,groceries,know,where,t+f,0
67.86.050.170,rutgers,FB-where,binders,know,where,t+f,1
67.86.050.170,rutgers,FB-where,groceries,know,where,t+f,1
67.86.050.170,rutgers,FB-where,binders,know,where,t+f,0
67.86.050.170,rutgers,FB-where,groceries,know,where,t+f,1
165.030.005.006,rutgers,FB-where,binders,know,where,t+f,0
165.030.005.006,rutgers,FB-where,groceries,know,where,t+f,0
04.186.119.108,rutgers,FB-where,binders,know,where,t+f,0
04.186.119.108,rutgers,FB-where,groceries,know,where,t+f,0
71.170.41.196,rutgers,FB-where,binders,know,where,t+f,0
71.170.41.196,rutgers,FB-where,groceries,know,where,t+f,0
69.106.040.158,rutgers,FB-where,binders,know,where,t+f,1
69.106.040.158,rutgers,FB-where,groceries,know,where,t+f,1
165.030.004.036,rutgers,FB-where,binders,know,where,t+f,0
165.030.004.036,rutgers,FB-where,groceries,know,where,t+f,0
69.141.140.013,rutgers,FB-where,binders,know,where,t+f,0
69.141.140.013,rutgers,FB-where,groceries,know,where,t+f,1
165.030.004.57,rutgers,FB-where,binders,know,where,t+f,0
165.030.004.57,rutgers,FB-where,groceries,know,where,t+f,0
165.030.004.66,rutgers,FB-where,binders,know,where,t+f,0
165.030.004.66,rutgers,FB-where,groceries,know,where,t+f,0
98.001.64.175,rutgers,FB-where,binders,know,where,t+f,0
98.001.64.175,rutgers,FB-where,groceries,know,where,t+f,0
165.030.005.99,rutgers,FB-where,binders,know,where,t+f,0
165.030.005.99,rutgers,FB-where,groceries,know,where,t+f,1
173.0.107.89,rutgers,FB-where,binders,know,where,t+f,0
173.0.107.89,rutgers,FB-where,groceries,know,where,t+f,0
68.181.206.25,online,FB-where,binders,know,where,t+f,0
68.181.206.25,online,FB-where,groceries,know,where,t+f,0
166.170.28.46,online,FB-where,binders,know,where,t+f,0
166.170.28.46,online,FB-where,groceries,know,where,t+f,0
65.112.10.174,online,FB-where,binders,know,where,t+f,0
65.112.10.174,online,FB-where,groceries,know,where,t+f,0
150.108.216.96,online,FB-where,binders,know,where,t+f,0
150.108.216.96,online,FB-where,groceries,know,where,t+f,1
24.185.2.85,online,FB-where,binders,know,where,t+f,0
24.185.2.85,online,FB-where,groceries,know,where,t+f,1
71.126.138.173,online,FB-where,binders,know,where,t+f,1
71.126.138.173,online,FB-where,groceries,know,where,t+f,1
71.66.228.164,online,FB-where,binders,know,where,t+f,0
71.66.228.164,online,FB-where,groceries,know,where,t+f,0
50.153.246.193,online,FB-where,binders,know,where,t+f,0
50.153.246.193,online,FB-where,groceries,know,where,t+f,1
47.20.0.183,online,FB-where,binders,know,where,t+f,0
47.20.0.183,online,FB-where,groceries,know,where,t+f,1
77.101.65.83,online,FB-where,binders,know,where,t+f,0
77.101.65.83,online,FB-where,groceries,know,where,t+f,0
173.63.44.8,online,FB-where,binders,know,where,t+f,0
173.63.44.8,online,FB-where,groceries,know,where,t+f,0
172.58.137.226,online,FB-where,binders,know,where,t+f,0
172.58.137.226,online,FB-where,groceries,know,where,t+f,1
73.72.139.14,online,FB-where,binders,know,where,t+f,0
73.72.139.14,online,FB-where,groceries,know,where,t+f,0
73.134.84.161,online,FB-where,binders,know,where,t+f,0
73.134.84.161,online,FB-where,groceries,know,where,t+f,0
165.230.224.64,online,FB-where,binders,know,where,t+f,0
165.230.224.64,online,FB-where,groceries,know,where,t+f,0
76.167.240.24,online,FB-where,binders,know,where,t+f,0
76.167.240.24,online,FB-where,groceries,know,where,t+f,0
98.25.196.90,online,FB-where,binders,know,where,t+f,1
98.25.196.90,online,FB-where,groceries,know,where,t+f,1
108.237.150.35,online,FB-where,binders,know,where,t+f,0
108.237.150.35,online,FB-where,groceries,know,where,t+f,0
172.56.16.204,online,FB-where,binders,know,where,t+f,1
172.56.16.204,online,FB-where,groceries,know,where,t+f,1
164.67.237.91,online,FB-where,binders,know,where,t+f,0
164.67.237.91,online,FB-where,groceries,know,where,t+f,0
173.79.59.181,online,FB-where,binders,know,where,t+f,0
173.79.59.181,online,FB-where,groceries,know,where,t+f,0
73.242.55.235,online,FB-where,binders,know,where,t+f,0
73.242.55.235,online,FB-where,groceries,know,where,t+f,0
147.222.216.116,online,FB-where,binders,know,where,t+f,0
147.222.216.116,online,FB-where,groceries,know,where,t+f,0
12.167.141.60,online,FB-where,binders,know,where,t+f,1
12.167.141.60,online,FB-where,groceries,know,where,t+f,1
136.160.90.3,online,FB-where,binders,know,where,t+f,1
136.160.90.3,online,FB-where,groceries,know,where,t+f,1
67.84.43.204,online,FB-where,binders,know,where,t+f,0
67.84.43.204,online,FB-where,groceries,know,where,t+f,1
50.32.254.161,online,FB-where,binders,know,where,t+f,0
50.32.254.161,online,FB-where,groceries,know,where,t+f,1
167.219.88.140,online,FB-where,binders,know,where,t+f,1
167.219.88.140,online,FB-where,groceries,know,where,t+f,1
68.170.94.47,online,FB-where,binders,know,where,t+f,0
68.170.94.47,online,FB-where,groceries,know,where,t+f,0
162.239.1.6,online,FB-where,binders,know,where,t+f,0
162.239.1.6,online,FB-where,groceries,know,where,t+f,0
73.182.225.53,online,FB-where,binders,know,where,t+f,0
73.182.225.53,online,FB-where,groceries,know,where,t+f,1
192.231.177.29,online,FB-where,binders,know,where,t+f,0
192.231.177.29,online,FB-where,groceries,know,where,t+f,0
73.200.22.97,online,FB-where,binders,know,where,t+f,0
73.200.22.97,online,FB-where,groceries,know,where,t+f,0
108.53.051.141,rutgers,FB-who,dance,know,who,t+f,0
108.53.051.141,rutgers,FB-who,lice,know,where,t+f,0
165.030.004.105,rutgers,FB-who,dance,know,who,t+f,0
165.030.004.105,rutgers,FB-who,lice,know,where,t+f,0
165.030.004.90,rutgers,FB-who,dance,know,who,t+f,0
165.030.004.90,rutgers,FB-who,lice,know,where,t+f,0
70.190.71.170,rutgers,FB-who,dance,know,who,t+f,1
70.190.71.170,rutgers,FB-who,lice,know,where,t+f,0
165.030.004.000,rutgers,FB-who,dance,know,who,t+f,1
165.030.004.000,rutgers,FB-who,lice,know,where,t+f,0
70.80.109.003,rutgers,FB-who,dance,know,who,t+f,0
70.80.109.003,rutgers,FB-who,lice,know,where,t+f,0
190.150.043.015,rutgers,FB-who,dance,know,who,t+f,0
190.150.043.015,rutgers,FB-who,lice,know,where,t+f,0
67.86.050.170,rutgers,FB-who,dance,know,who,t+f,1
67.86.050.170,rutgers,FB-who,lice,know,where,t+f,1
67.86.050.170,rutgers,FB-who,dance,know,who,t+f,0
67.86.050.170,rutgers,FB-who,lice,know,where,t+f,0
165.030.005.006,rutgers,FB-who,dance,know,who,t+f,0
165.030.005.006,rutgers,FB-who,lice,know,where,t+f,0
04.186.119.108,rutgers,FB-who,dance,know,who,t+f,0
04.186.119.108,rutgers,FB-who,lice,know,where,t+f,0
71.170.41.196,rutgers,FB-who,dance,know,who,t+f,0
71.170.41.196,rutgers,FB-who,lice,know,where,t+f,0
69.106.040.158,rutgers,FB-who,dance,know,who,t+f,0
69.106.040.158,rutgers,FB-who,lice,know,where,t+f,1
165.030.004.036,rutgers,FB-who,dance,know,who,t+f,0
165.030.004.036,rutgers,FB-who,lice,know,where,t+f,0
69.141.140.013,rutgers,FB-who,dance,know,who,t+f,0
69.141.140.013,rutgers,FB-who,lice,know,where,t+f,0
165.030.004.57,rutgers,FB-who,dance,know,who,t+f,0
165.030.004.57,rutgers,FB-who,lice,know,where,t+f,1
165.030.004.66,rutgers,FB-who,dance,know,who,t+f,0
165.030.004.66,rutgers,FB-who,lice,know,where,t+f,0
98.001.64.175,rutgers,FB-who,dance,know,who,t+f,0
98.001.64.175,rutgers,FB-who,lice,know,where,t+f,1
165.030.005.99,rutgers,FB-who,dance,know,who,t+f,0
165.030.005.99,rutgers,FB-who,lice,know,where,t+f,1
173.0.107.89,rutgers,FB-who,dance,know,who,t+f,0
173.0.107.89,rutgers,FB-who,lice,know,where,t+f,0
68.181.206.25,online,FB-who,dance,know,who,t+f,0
68.181.206.25,online,FB-who,lice,know,where,t+f,0
166.170.28.46,online,FB-who,dance,know,who,t+f,0
166.170.28.46,online,FB-who,lice,know,where,t+f,0
65.112.10.174,online,FB-who,dance,know,who,t+f,0
65.112.10.174,online,FB-who,lice,know,where,t+f,0
150.108.216.96,online,FB-who,dance,know,who,t+f,0
150.108.216.96,online,FB-who,lice,know,where,t+f,0
24.185.2.85,online,FB-who,dance,know,who,t+f,0
24.185.2.85,online,FB-who,lice,know,where,t+f,0
71.126.138.173,online,FB-who,dance,know,who,t+f,0
71.126.138.173,online,FB-who,lice,know,where,t+f,0
71.66.228.164,online,FB-who,dance,know,who,t+f,0
71.66.228.164,online,FB-who,lice,know,where,t+f,0
50.153.246.193,online,FB-who,dance,know,who,t+f,0
50.153.246.193,online,FB-who,lice,know,where,t+f,0
47.20.0.183,online,FB-who,dance,know,who,t+f,0
47.20.0.183,online,FB-who,lice,know,where,t+f,0
77.101.65.83,online,FB-who,dance,know,who,t+f,0
77.101.65.83,online,FB-who,lice,know,where,t+f,0
173.63.44.8,online,FB-who,dance,know,who,t+f,0
173.63.44.8,online,FB-who,lice,know,where,t+f,0
172.58.137.226,online,FB-who,dance,know,who,t+f,1
172.58.137.226,online,FB-who,lice,know,where,t+f,0
73.72.139.14,online,FB-who,dance,know,who,t+f,0
73.72.139.14,online,FB-who,lice,know,where,t+f,0
73.134.84.161,online,FB-who,dance,know,who,t+f,0
73.134.84.161,online,FB-who,lice,know,where,t+f,0
165.230.224.64,online,FB-who,dance,know,who,t+f,0
165.230.224.64,online,FB-who,lice,know,where,t+f,0
76.167.240.24,online,FB-who,dance,know,who,t+f,0
76.167.240.24,online,FB-who,lice,know,where,t+f,0
98.25.196.90,online,FB-who,dance,know,who,t+f,1
98.25.196.90,online,FB-who,lice,know,where,t+f,1
108.237.150.35,online,FB-who,dance,know,who,t+f,0
108.237.150.35,online,FB-who,lice,know,where,t+f,0
172.56.16.204,online,FB-who,dance,know,who,t+f,0
172.56.16.204,online,FB-who,lice,know,where,t+f,0
164.67.237.91,online,FB-who,dance,know,who,t+f,0
164.67.237.91,online,FB-who,lice,know,where,t+f,0
173.79.59.181,online,FB-who,dance,know,who,t+f,0
173.79.59.181,online,FB-who,lice,know,where,t+f,1
73.242.55.235,online,FB-who,dance,know,who,t+f,0
73.242.55.235,online,FB-who,lice,know,where,t+f,0
147.222.216.116,online,FB-who,dance,know,who,t+f,0
147.222.216.116,online,FB-who,lice,know,where,t+f,1
12.167.141.60,online,FB-who,dance,know,who,t+f,0
12.167.141.60,online,FB-who,lice,know,where,t+f,1
136.160.90.3,online,FB-who,dance,know,who,t+f,1
136.160.90.3,online,FB-who,lice,know,where,t+f,1
67.84.43.204,online,FB-who,dance,know,who,t+f,0
67.84.43.204,online,FB-who,lice,know,where,t+f,0
50.32.254.161,online,FB-who,dance,know,who,t+f,0
50.32.254.161,online,FB-who,lice,know,where,t+f,1
167.219.88.140,online,FB-who,dance,know,who,t+f,1
167.219.88.140,online,FB-who,lice,know,where,t+f,1
68.170.94.47,online,FB-who,dance,know,who,t+f,0
68.170.94.47,online,FB-who,lice,know,where,t+f,0
162.239.1.6,online,FB-who,dance,know,who,t+f,0
162.239.1.6,online,FB-who,lice,know,where,t+f,1
73.182.225.53,online,FB-who,dance,know,who,t+f,0
73.182.225.53,online,FB-who,lice,know,where,t+f,0
192.231.177.29,online,FB-who,dance,know,who,t+f,0
192.231.177.29,online,FB-who,lice,know,where,t+f,0
73.200.22.97,online,FB-who,dance,know,who,t+f,0
73.200.22.97,online,FB-who,lice,know,where,t+f,0
108.53.051.141,rutgers,Filler-FB,tv,predict,who,t+f,0
108.53.051.141,rutgers,Filler-FB,dogpark,tell,which dogs,t+f,0
108.53.051.141,rutgers,FILLER-FB,party,surprise,who,t+f,1
108.53.051.141,rutgers,FILLER-FB,kittens,certain,who,t+f,0
108.53.051.141,rutgers,Filler-FB,election,agree on,who,t+f,1
108.53.051.141,rutgers,Filler-FB,travel,forgot,who,t+f,1
108.53.051.141,rutgers,FILLER-FB,book,wonder,who,t+f,1
165.030.004.105,rutgers,Filler-FB,tv,predict,who,t+f,1
165.030.004.105,rutgers,Filler-FB,dogpark,tell,which dogs,t+f,1
165.030.004.105,rutgers,FILLER-FB,party,surprise,who,t+f,1
165.030.004.105,rutgers,FILLER-FB,kittens,certain,who,t+f,0
165.030.004.105,rutgers,Filler-FB,election,agree on,who,t+f,1
165.030.004.105,rutgers,Filler-FB,travel,forgot,who,t+f,0
165.030.004.105,rutgers,FILLER-FB,book,wonder,who,t+f,1
165.030.004.90,rutgers,Filler-FB,tv,predict,who,t+f,0
165.030.004.90,rutgers,Filler-FB,dogpark,tell,which dogs,t+f,0
165.030.004.90,rutgers,FILLER-FB,party,surprise,who,t+f,0
165.030.004.90,rutgers,FILLER-FB,kittens,certain,who,t+f,1
165.030.004.90,rutgers,Filler-FB,election,agree on,who,t+f,1
165.030.004.90,rutgers,Filler-FB,travel,forgot,who,t+f,0
165.030.004.90,rutgers,FILLER-FB,book,wonder,who,t+f,1
70.190.71.170,rutgers,Filler-FB,tv,predict,who,t+f,0
70.190.71.170,rutgers,Filler-FB,dogpark,tell,which dogs,t+f,1
70.190.71.170,rutgers,FILLER-FB,party,surprise,who,t+f,0
70.190.71.170,rutgers,FILLER-FB,kittens,certain,who,t+f,1
70.190.71.170,rutgers,Filler-FB,election,agree on,who,t+f,0
70.190.71.170,rutgers,Filler-FB,travel,forgot,who,t+f,0
70.190.71.170,rutgers,FILLER-FB,book,wonder,who,t+f,1
165.030.004.000,rutgers,Filler-FB,tv,predict,who,t+f,1
165.030.004.000,rutgers,Filler-FB,dogpark,tell,which dogs,t+f,1
165.030.004.000,rutgers,FILLER-FB,party,surprise,who,t+f,0
165.030.004.000,rutgers,FILLER-FB,kittens,certain,who,t+f,1
165.030.004.000,rutgers,Filler-FB,election,agree on,who,t+f,0
165.030.004.000,rutgers,Filler-FB,travel,forgot,who,t+f,0
165.030.004.000,rutgers,FILLER-FB,book,wonder,who,t+f,1
70.80.109.003,rutgers,Filler-FB,tv,predict,who,t+f,1
70.80.109.003,rutgers,Filler-FB,dogpark,tell,which dogs,t+f,1
70.80.109.003,rutgers,FILLER-FB,party,surprise,who,t+f,0
70.80.109.003,rutgers,FILLER-FB,kittens,certain,who,t+f,1
70.80.109.003,rutgers,Filler-FB,election,agree on,who,t+f,1
70.80.109.003,rutgers,Filler-FB,travel,forgot,who,t+f,0
70.80.109.003,rutgers,FILLER-FB,book,wonder,who,t+f,1
190.150.043.015,rutgers,Filler-FB,tv,predict,who,t+f,1
190.150.043.015,rutgers,Filler-FB,dogpark,tell,which dogs,t+f,1
190.150.043.015,rutgers,FILLER-FB,party,surprise,who,t+f,1
190.150.043.015,rutgers,FILLER-FB,kittens,certain,who,t+f,1
190.150.043.015,rutgers,Filler-FB,election,agree on,who,t+f,1
190.150.043.015,rutgers,Filler-FB,travel,forgot,who,t+f,0
190.150.043.015,rutgers,FILLER-FB,book,wonder,who,t+f,1
67.86.050.170,rutgers,Filler-FB,tv,predict,who,t+f,0
67.86.050.170,rutgers,Filler-FB,dogpark,tell,which dogs,t+f,1
67.86.050.170,rutgers,FILLER-FB,party,surprise,who,t+f,1
67.86.050.170,rutgers,FILLER-FB,kittens,certain,who,t+f,0
67.86.050.170,rutgers,Filler-FB,election,agree on,who,t+f,1
67.86.050.170,rutgers,Filler-FB,travel,forgot,who,t+f,1
67.86.050.170,rutgers,FILLER-FB,book,wonder,who,t+f,0
67.86.050.170,rutgers,Filler-FB,tv,predict,who,t+f,1
67.86.050.170,rutgers,Filler-FB,dogpark,tell,which dogs,t+f,1
67.86.050.170,rutgers,FILLER-FB,party,surprise,who,t+f,1
67.86.050.170,rutgers,FILLER-FB,kittens,certain,who,t+f,0
67.86.050.170,rutgers,Filler-FB,election,agree on,who,t+f,1
67.86.050.170,rutgers,Filler-FB,travel,forgot,who,t+f,1
67.86.050.170,rutgers,FILLER-FB,book,wonder,who,t+f,1
165.030.005.006,rutgers,Filler-FB,tv,predict,who,t+f,1
165.030.005.006,rutgers,Filler-FB,dogpark,tell,which dogs,t+f,1
165.030.005.006,rutgers,FILLER-FB,party,surprise,who,t+f,1
165.030.005.006,rutgers,FILLER-FB,kittens,certain,who,t+f,0
165.030.005.006,rutgers,Filler-FB,election,agree on,who,t+f,1
165.030.005.006,rutgers,Filler-FB,travel,forgot,who,t+f,1
165.030.005.006,rutgers,FILLER-FB,book,wonder,who,t+f,1
04.186.119.108,rutgers,Filler-FB,tv,predict,who,t+f,1
04.186.119.108,rutgers,Filler-FB,dogpark,tell,which dogs,t+f,1
04.186.119.108,rutgers,FILLER-FB,party,surprise,who,t+f,1
04.186.119.108,rutgers,FILLER-FB,kittens,certain,who,t+f,1
04.186.119.108,rutgers,Filler-FB,election,agree on,who,t+f,1
04.186.119.108,rutgers,Filler-FB,travel,forgot,who,t+f,1
04.186.119.108,rutgers,FILLER-FB,book,wonder,who,t+f,1
71.170.41.196,rutgers,Filler-FB,tv,predict,who,t+f,1
71.170.41.196,rutgers,Filler-FB,dogpark,tell,which dogs,t+f,1
71.170.41.196,rutgers,FILLER-FB,party,surprise,who,t+f,1
71.170.41.196,rutgers,FILLER-FB,kittens,certain,who,t+f,0
71.170.41.196,rutgers,Filler-FB,election,agree on,who,t+f,1
71.170.41.196,rutgers,Filler-FB,travel,forgot,who,t+f,1
71.170.41.196,rutgers,FILLER-FB,book,wonder,who,t+f,1
69.106.040.158,rutgers,Filler-FB,tv,predict,who,t+f,1
69.106.040.158,rutgers,Filler-FB,dogpark,tell,which dogs,t+f,1
69.106.040.158,rutgers,FILLER-FB,party,surprise,who,t+f,1
69.106.040.158,rutgers,FILLER-FB,kittens,certain,who,t+f,0
69.106.040.158,rutgers,Filler-FB,election,agree on,who,t+f,0
69.106.040.158,rutgers,Filler-FB,travel,forgot,who,t+f,1
69.106.040.158,rutgers,FILLER-FB,book,wonder,who,t+f,1
165.030.004.036,rutgers,Filler-FB,tv,predict,who,t+f,0
165.030.004.036,rutgers,Filler-FB,dogpark,tell,which dogs,t+f,0
165.030.004.036,rutgers,FILLER-FB,party,surprise,who,t+f,0
165.030.004.036,rutgers,FILLER-FB,kittens,certain,who,t+f,0
165.030.004.036,rutgers,Filler-FB,election,agree on,who,t+f,0
165.030.004.036,rutgers,Filler-FB,travel,forgot,who,t+f,1
165.030.004.036,rutgers,FILLER-FB,book,wonder,who,t+f,0
69.141.140.013,rutgers,Filler-FB,tv,predict,who,t+f,1
69.141.140.013,rutgers,Filler-FB,dogpark,tell,which dogs,t+f,0
69.141.140.013,rutgers,FILLER-FB,party,surprise,who,t+f,1
69.141.140.013,rutgers,FILLER-FB,kittens,certain,who,t+f,0
69.141.140.013,rutgers,Filler-FB,election,agree on,who,t+f,1
69.141.140.013,rutgers,Filler-FB,travel,forgot,who,t+f,0
69.141.140.013,rutgers,FILLER-FB,book,wonder,who,t+f,1
165.030.004.57,rutgers,Filler-FB,tv,predict,who,t+f,1
165.030.004.57,rutgers,Filler-FB,dogpark,tell,which dogs,t+f,0
165.030.004.57,rutgers,FILLER-FB,party,surprise,who,t+f,1
165.030.004.57,rutgers,FILLER-FB,kittens,certain,who,t+f,0
165.030.004.57,rutgers,Filler-FB,election,agree on,who,t+f,1
165.030.004.57,rutgers,Filler-FB,travel,forgot,who,t+f,1
165.030.004.57,rutgers,FILLER-FB,book,wonder,who,t+f,1
165.030.004.66,rutgers,Filler-FB,tv,predict,who,t+f,0
165.030.004.66,rutgers,Filler-FB,dogpark,tell,which dogs,t+f,0
165.030.004.66,rutgers,FILLER-FB,party,surprise,who,t+f,0
165.030.004.66,rutgers,FILLER-FB,kittens,certain,who,t+f,0
165.030.004.66,rutgers,Filler-FB,election,agree on,who,t+f,1
165.030.004.66,rutgers,Filler-FB,travel,forgot,who,t+f,1
165.030.004.66,rutgers,FILLER-FB,book,wonder,who,t+f,1
98.001.64.175,rutgers,Filler-FB,tv,predict,who,t+f,1
98.001.64.175,rutgers,Filler-FB,dogpark,tell,which dogs,t+f,0
98.001.64.175,rutgers,FILLER-FB,party,surprise,who,t+f,1
98.001.64.175,rutgers,FILLER-FB,kittens,certain,who,t+f,0
98.001.64.175,rutgers,Filler-FB,election,agree on,who,t+f,1
98.001.64.175,rutgers,Filler-FB,travel,forgot,who,t+f,1
98.001.64.175,rutgers,FILLER-FB,book,wonder,who,t+f,1
165.030.005.99,rutgers,Filler-FB,tv,predict,who,t+f,1
165.030.005.99,rutgers,Filler-FB,dogpark,tell,which dogs,t+f,1
165.030.005.99,rutgers,FILLER-FB,party,surprise,who,t+f,0
165.030.005.99,rutgers,FILLER-FB,kittens,certain,who,t+f,1
165.030.005.99,rutgers,Filler-FB,election,agree on,who,t+f,1
165.030.005.99,rutgers,Filler-FB,travel,forgot,who,t+f,1
165.030.005.99,rutgers,FILLER-FB,book,wonder,who,t+f,1
173.0.107.89,rutgers,Filler-FB,tv,predict,who,t+f,1
173.0.107.89,rutgers,Filler-FB,dogpark,tell,which dogs,t+f,1
173.0.107.89,rutgers,FILLER-FB,party,surprise,who,t+f,0
173.0.107.89,rutgers,FILLER-FB,kittens,certain,who,t+f,0
173.0.107.89,rutgers,Filler-FB,election,agree on,who,t+f,1
173.0.107.89,rutgers,Filler-FB,travel,forgot,who,t+f,1
173.0.107.89,rutgers,FILLER-FB,book,wonder,who,t+f,1
68.181.206.25,online,Filler-FB,tv,predict,who,t+f,0
68.181.206.25,online,Filler-FB,dogpark,tell,which dogs,t+f,1
68.181.206.25,online,FILLER-FB,party,surprise,who,t+f,1
68.181.206.25,online,FILLER-FB,kittens,certain,who,t+f,1
68.181.206.25,online,Filler-FB,election,agree on,who,t+f,1
68.181.206.25,online,Filler-FB,travel,forgot,who,t+f,1
68.181.206.25,online,FILLER-FB,book,wonder,who,t+f,1
166.170.28.46,online,Filler-FB,tv,predict,who,t+f,1
166.170.28.46,online,Filler-FB,dogpark,tell,which dogs,t+f,1
166.170.28.46,online,FILLER-FB,party,surprise,who,t+f,1
166.170.28.46,online,FILLER-FB,kittens,certain,who,t+f,1
166.170.28.46,online,Filler-FB,election,agree on,who,t+f,1
166.170.28.46,online,Filler-FB,travel,forgot,who,t+f,0
166.170.28.46,online,FILLER-FB,book,wonder,who,t+f,1
65.112.10.174,online,Filler-FB,tv,predict,who,t+f,0
65.112.10.174,online,Filler-FB,dogpark,tell,which dogs,t+f,1
65.112.10.174,online,FILLER-FB,party,surprise,who,t+f,0
65.112.10.174,online,FILLER-FB,kittens,certain,who,t+f,1
65.112.10.174,online,Filler-FB,election,agree on,who,t+f,1
65.112.10.174,online,Filler-FB,travel,forgot,who,t+f,1
65.112.10.174,online,FILLER-FB,book,wonder,who,t+f,1
150.108.216.96,online,Filler-FB,tv,predict,who,t+f,0
150.108.216.96,online,Filler-FB,dogpark,tell,which dogs,t+f,1
150.108.216.96,online,FILLER-FB,party,surprise,who,t+f,1
150.108.216.96,online,FILLER-FB,kittens,certain,who,t+f,0
150.108.216.96,online,Filler-FB,election,agree on,who,t+f,1
150.108.216.96,online,Filler-FB,travel,forgot,who,t+f,1
150.108.216.96,online,FILLER-FB,book,wonder,who,t+f,1
24.185.2.85,online,Filler-FB,tv,predict,who,t+f,1
24.185.2.85,online,Filler-FB,dogpark,tell,which dogs,t+f,0
24.185.2.85,online,FILLER-FB,party,surprise,who,t+f,1
24.185.2.85,online,FILLER-FB,kittens,certain,who,t+f,1
24.185.2.85,online,Filler-FB,election,agree on,who,t+f,1
24.185.2.85,online,Filler-FB,travel,forgot,who,t+f,0
24.185.2.85,online,FILLER-FB,book,wonder,who,t+f,1
71.126.138.173,online,Filler-FB,tv,predict,who,t+f,0
71.126.138.173,online,Filler-FB,dogpark,tell,which dogs,t+f,1
71.126.138.173,online,FILLER-FB,party,surprise,who,t+f,1
71.126.138.173,online,FILLER-FB,kittens,certain,who,t+f,1
71.126.138.173,online,Filler-FB,election,agree on,who,t+f,1
71.126.138.173,online,Filler-FB,travel,forgot,who,t+f,0
71.126.138.173,online,FILLER-FB,book,wonder,who,t+f,1
71.66.228.164,online,Filler-FB,tv,predict,who,t+f,0
71.66.228.164,online,Filler-FB,dogpark,tell,which dogs,t+f,1
71.66.228.164,online,FILLER-FB,party,surprise,who,t+f,0
71.66.228.164,online,FILLER-FB,kittens,certain,who,t+f,0
71.66.228.164,online,Filler-FB,election,agree on,who,t+f,1
71.66.228.164,online,Filler-FB,travel,forgot,who,t+f,0
71.66.228.164,online,FILLER-FB,book,wonder,who,t+f,1
50.153.246.193,online,Filler-FB,tv,predict,who,t+f,1
50.153.246.193,online,Filler-FB,dogpark,tell,which dogs,t+f,0
50.153.246.193,online,FILLER-FB,party,surprise,who,t+f,1
50.153.246.193,online,FILLER-FB,kittens,certain,who,t+f,1
50.153.246.193,online,Filler-FB,election,agree on,who,t+f,1
50.153.246.193,online,Filler-FB,travel,forgot,who,t+f,0
50.153.246.193,online,FILLER-FB,book,wonder,who,t+f,1
47.20.0.183,online,Filler-FB,tv,predict,who,t+f,1
47.20.0.183,online,Filler-FB,dogpark,tell,which dogs,t+f,1
47.20.0.183,online,FILLER-FB,party,surprise,who,t+f,0
47.20.0.183,online,FILLER-FB,kittens,certain,who,t+f,1
47.20.0.183,online,Filler-FB,election,agree on,who,t+f,1
47.20.0.183,online,Filler-FB,travel,forgot,who,t+f,1
47.20.0.183,online,FILLER-FB,book,wonder,who,t+f,1
77.101.65.83,online,Filler-FB,tv,predict,who,t+f,1
77.101.65.83,online,Filler-FB,dogpark,tell,which dogs,t+f,1
77.101.65.83,online,FILLER-FB,party,surprise,who,t+f,0
77.101.65.83,online,FILLER-FB,kittens,certain,who,t+f,1
77.101.65.83,online,Filler-FB,election,agree on,who,t+f,1
77.101.65.83,online,Filler-FB,travel,forgot,who,t+f,0
77.101.65.83,online,FILLER-FB,book,wonder,who,t+f,1
173.63.44.8,online,Filler-FB,tv,predict,who,t+f,0
173.63.44.8,online,Filler-FB,dogpark,tell,which dogs,t+f,1
173.63.44.8,online,FILLER-FB,party,surprise,who,t+f,0
173.63.44.8,online,FILLER-FB,kittens,certain,who,t+f,1
173.63.44.8,online,Filler-FB,election,agree on,who,t+f,1
173.63.44.8,online,Filler-FB,travel,forgot,who,t+f,1
173.63.44.8,online,FILLER-FB,book,wonder,who,t+f,1
172.58.137.226,online,Filler-FB,tv,predict,who,t+f,0
172.58.137.226,online,Filler-FB,dogpark,tell,which dogs,t+f,1
172.58.137.226,online,FILLER-FB,party,surprise,who,t+f,0
172.58.137.226,online,FILLER-FB,kittens,certain,who,t+f,1
172.58.137.226,online,Filler-FB,election,agree on,who,t+f,1
172.58.137.226,online,Filler-FB,travel,forgot,who,t+f,1
172.58.137.226,online,FILLER-FB,book,wonder,who,t+f,1
73.72.139.14,online,Filler-FB,tv,predict,who,t+f,0
73.72.139.14,online,Filler-FB,dogpark,tell,which dogs,t+f,0
73.72.139.14,online,FILLER-FB,party,surprise,who,t+f,0
73.72.139.14,online,FILLER-FB,kittens,certain,who,t+f,1
73.72.139.14,online,Filler-FB,election,agree on,who,t+f,1
73.72.139.14,online,Filler-FB,travel,forgot,who,t+f,0
73.72.139.14,online,FILLER-FB,book,wonder,who,t+f,1
73.134.84.161,online,Filler-FB,tv,predict,who,t+f,0
73.134.84.161,online,Filler-FB,dogpark,tell,which dogs,t+f,0
73.134.84.161,online,FILLER-FB,party,surprise,who,t+f,1
73.134.84.161,online,FILLER-FB,kittens,certain,who,t+f,1
73.134.84.161,online,Filler-FB,election,agree on,who,t+f,1
73.134.84.161,online,Filler-FB,travel,forgot,who,t+f,1
73.134.84.161,online,FILLER-FB,book,wonder,who,t+f,1
165.230.224.64,online,Filler-FB,tv,predict,who,t+f,0
165.230.224.64,online,Filler-FB,dogpark,tell,which dogs,t+f,0
165.230.224.64,online,FILLER-FB,party,surprise,who,t+f,0
165.230.224.64,online,FILLER-FB,kittens,certain,who,t+f,0
165.230.224.64,online,Filler-FB,election,agree on,who,t+f,1
165.230.224.64,online,Filler-FB,travel,forgot,who,t+f,1
165.230.224.64,online,FILLER-FB,book,wonder,who,t+f,1
76.167.240.24,online,Filler-FB,tv,predict,who,t+f,1
76.167.240.24,online,Filler-FB,dogpark,tell,which dogs,t+f,1
76.167.240.24,online,FILLER-FB,party,surprise,who,t+f,1
76.167.240.24,online,FILLER-FB,kittens,certain,who,t+f,0
76.167.240.24,online,Filler-FB,election,agree on,who,t+f,1
76.167.240.24,online,Filler-FB,travel,forgot,who,t+f,1
76.167.240.24,online,FILLER-FB,book,wonder,who,t+f,1
98.25.196.90,online,Filler-FB,tv,predict,who,t+f,0
98.25.196.90,online,Filler-FB,dogpark,tell,which dogs,t+f,1
98.25.196.90,online,FILLER-FB,party,surprise,who,t+f,1
98.25.196.90,online,FILLER-FB,kittens,certain,who,t+f,1
98.25.196.90,online,Filler-FB,election,agree on,who,t+f,1
98.25.196.90,online,Filler-FB,travel,forgot,who,t+f,1
98.25.196.90,online,FILLER-FB,book,wonder,who,t+f,1
108.237.150.35,online,Filler-FB,tv,predict,who,t+f,0
108.237.150.35,online,Filler-FB,dogpark,tell,which dogs,t+f,0
108.237.150.35,online,FILLER-FB,party,surprise,who,t+f,1
108.237.150.35,online,FILLER-FB,kittens,certain,who,t+f,1
108.237.150.35,online,Filler-FB,election,agree on,who,t+f,1
108.237.150.35,online,Filler-FB,travel,forgot,who,t+f,1
108.237.150.35,online,FILLER-FB,book,wonder,who,t+f,1
172.56.16.204,online,Filler-FB,tv,predict,who,t+f,1
172.56.16.204,online,Filler-FB,dogpark,tell,which dogs,t+f,1
172.56.16.204,online,FILLER-FB,party,surprise,who,t+f,1
172.56.16.204,online,FILLER-FB,kittens,certain,who,t+f,1
172.56.16.204,online,Filler-FB,election,agree on,who,t+f,1
172.56.16.204,online,Filler-FB,travel,forgot,who,t+f,1
172.56.16.204,online,FILLER-FB,book,wonder,who,t+f,1
164.67.237.91,online,Filler-FB,tv,predict,who,t+f,1
164.67.237.91,online,Filler-FB,dogpark,tell,which dogs,t+f,0
164.67.237.91,online,FILLER-FB,party,surprise,who,t+f,1
164.67.237.91,online,FILLER-FB,kittens,certain,who,t+f,0
164.67.237.91,online,Filler-FB,election,agree on,who,t+f,1
164.67.237.91,online,Filler-FB,travel,forgot,who,t+f,0
164.67.237.91,online,FILLER-FB,book,wonder,who,t+f,1
173.79.59.181,online,Filler-FB,tv,predict,who,t+f,0
173.79.59.181,online,Filler-FB,dogpark,tell,which dogs,t+f,0
173.79.59.181,online,FILLER-FB,party,surprise,who,t+f,1
173.79.59.181,online,FILLER-FB,kittens,certain,who,t+f,0
173.79.59.181,online,Filler-FB,election,agree on,who,t+f,1
173.79.59.181,online,Filler-FB,travel,forgot,who,t+f,1
173.79.59.181,online,FILLER-FB,book,wonder,who,t+f,1
73.242.55.235,online,Filler-FB,tv,predict,who,t+f,0
73.242.55.235,online,Filler-FB,dogpark,tell,which dogs,t+f,0
73.242.55.235,online,FILLER-FB,party,surprise,who,t+f,0
73.242.55.235,online,FILLER-FB,kittens,certain,who,t+f,0
73.242.55.235,online,Filler-FB,election,agree on,who,t+f,1
73.242.55.235,online,Filler-FB,travel,forgot,who,t+f,1
73.242.55.235,online,FILLER-FB,book,wonder,who,t+f,1
147.222.216.116,online,Filler-FB,tv,predict,who,t+f,1
147.222.216.116,online,Filler-FB,dogpark,tell,which dogs,t+f,1
147.222.216.116,online,FILLER-FB,party,surprise,who,t+f,1
147.222.216.116,online,FILLER-FB,kittens,certain,who,t+f,0
147.222.216.116,online,Filler-FB,election,agree on,who,t+f,1
147.222.216.116,online,Filler-FB,travel,forgot,who,t+f,0
147.222.216.116,online,FILLER-FB,book,wonder,who,t+f,1
12.167.141.60,online,Filler-FB,tv,predict,who,t+f,1
12.167.141.60,online,Filler-FB,dogpark,tell,which dogs,t+f,1
12.167.141.60,online,FILLER-FB,party,surprise,who,t+f,1
12.167.141.60,online,FILLER-FB,kittens,certain,who,t+f,0
12.167.141.60,online,Filler-FB,election,agree on,who,t+f,1
12.167.141.60,online,Filler-FB,travel,forgot,who,t+f,0
12.167.141.60,online,FILLER-FB,book,wonder,who,t+f,1
136.160.90.3,online,Filler-FB,tv,predict,who,t+f,0
136.160.90.3,online,Filler-FB,dogpark,tell,which dogs,t+f,1
136.160.90.3,online,FILLER-FB,party,surprise,who,t+f,1
136.160.90.3,online,FILLER-FB,kittens,certain,who,t+f,1
136.160.90.3,online,Filler-FB,election,agree on,who,t+f,1
136.160.90.3,online,Filler-FB,travel,forgot,who,t+f,1
136.160.90.3,online,FILLER-FB,book,wonder,who,t+f,1
67.84.43.204,online,Filler-FB,tv,predict,who,t+f,1
67.84.43.204,online,Filler-FB,dogpark,tell,which dogs,t+f,1
67.84.43.204,online,FILLER-FB,party,surprise,who,t+f,1
67.84.43.204,online,FILLER-FB,kittens,certain,who,t+f,1
67.84.43.204,online,Filler-FB,election,agree on,who,t+f,1
67.84.43.204,online,Filler-FB,travel,forgot,who,t+f,1
67.84.43.204,online,FILLER-FB,book,wonder,who,t+f,1
50.32.254.161,online,Filler-FB,tv,predict,who,t+f,0
50.32.254.161,online,Filler-FB,dogpark,tell,which dogs,t+f,0
50.32.254.161,online,FILLER-FB,party,surprise,who,t+f,1
50.32.254.161,online,FILLER-FB,kittens,certain,who,t+f,1
50.32.254.161,online,Filler-FB,election,agree on,who,t+f,1
50.32.254.161,online,Filler-FB,travel,forgot,who,t+f,1
50.32.254.161,online,FILLER-FB,book,wonder,who,t+f,1
167.219.88.140,online,Filler-FB,tv,predict,who,t+f,0
167.219.88.140,online,Filler-FB,dogpark,tell,which dogs,t+f,1
167.219.88.140,online,FILLER-FB,party,surprise,who,t+f,1
167.219.88.140,online,FILLER-FB,kittens,certain,who,t+f,1
167.219.88.140,online,Filler-FB,election,agree on,who,t+f,1
167.219.88.140,online,Filler-FB,travel,forgot,who,t+f,1
167.219.88.140,online,FILLER-FB,book,wonder,who,t+f,1
68.170.94.47,online,Filler-FB,tv,predict,who,t+f,1
68.170.94.47,online,Filler-FB,dogpark,tell,which dogs,t+f,1
68.170.94.47,online,FILLER-FB,party,surprise,who,t+f,1
68.170.94.47,online,FILLER-FB,kittens,certain,who,t+f,1
68.170.94.47,online,Filler-FB,election,agree on,who,t+f,1
68.170.94.47,online,Filler-FB,travel,forgot,who,t+f,1
68.170.94.47,online,FILLER-FB,book,wonder,who,t+f,0
162.239.1.6,online,Filler-FB,tv,predict,who,t+f,1
162.239.1.6,online,Filler-FB,dogpark,tell,which dogs,t+f,1
162.239.1.6,online,FILLER-FB,party,surprise,who,t+f,0
162.239.1.6,online,FILLER-FB,kittens,certain,who,t+f,1
162.239.1.6,online,Filler-FB,election,agree on,who,t+f,1
162.239.1.6,online,Filler-FB,travel,forgot,who,t+f,0
162.239.1.6,online,FILLER-FB,book,wonder,who,t+f,1
73.182.225.53,online,Filler-FB,tv,predict,who,t+f,0
73.182.225.53,online,Filler-FB,dogpark,tell,which dogs,t+f,0
73.182.225.53,online,FILLER-FB,party,surprise,who,t+f,1
73.182.225.53,online,FILLER-FB,kittens,certain,who,t+f,1
73.182.225.53,online,Filler-FB,election,agree on,who,t+f,1
73.182.225.53,online,Filler-FB,travel,forgot,who,t+f,1
73.182.225.53,online,FILLER-FB,book,wonder,who,t+f,1
192.231.177.29,online,Filler-FB,tv,predict,who,t+f,1
192.231.177.29,online,Filler-FB,dogpark,tell,which dogs,t+f,1
192.231.177.29,online,FILLER-FB,party,surprise,who,t+f,1
192.231.177.29,online,FILLER-FB,kittens,certain,who,t+f,1
192.231.177.29,online,Filler-FB,election,agree on,who,t+f,1
192.231.177.29,online,Filler-FB,travel,forgot,who,t+f,0
192.231.177.29,online,FILLER-FB,book,wonder,who,t+f,1
73.200.22.97,online,Filler-FB,tv,predict,who,t+f,0
73.200.22.97,online,Filler-FB,dogpark,tell,which dogs,t+f,0
73.200.22.97,online,FILLER-FB,party,surprise,who,t+f,1
73.200.22.97,online,FILLER-FB,kittens,certain,who,t+f,1
73.200.22.97,online,Filler-FB,election,agree on,who,t+f,1
73.200.22.97,online,Filler-FB,travel,forgot,who,t+f,1
73.200.22.97,online,FILLER-FB,book,wonder,who,t+f,0
108.53.051.141,rutgers,Filler-MS,track,predict,who,ms,1
108.53.051.141,rutgers,FIller-MS,ice cream,tell,where,ms,0
108.53.051.141,rutgers,Filler-MS,gas,surprise,what gas stations,ms,1
108.53.051.141,rutgers,FILLER-MS,notary,certain,where,ms,1
108.53.051.141,rutgers,FILLER-MS,nobel,agree on,which physicists,ms,1
108.53.051.141,rutgers,Filler-MS,movie,forgot,where,ms,1
108.53.051.141,rutgers,FILLER-MS,lounge,wonder,who,ms,0
165.030.004.105,rutgers,Filler-MS,track,predict,who,ms,0
165.030.004.105,rutgers,FIller-MS,ice cream,tell,where,ms,1
165.030.004.105,rutgers,Filler-MS,gas,surprise,what gas stations,ms,1
165.030.004.105,rutgers,FILLER-MS,notary,certain,where,ms,1
165.030.004.105,rutgers,FILLER-MS,nobel,agree on,which physicists,ms,1
165.030.004.105,rutgers,Filler-MS,movie,forgot,where,ms,1
165.030.004.105,rutgers,FILLER-MS,lounge,wonder,who,ms,0
165.030.004.90,rutgers,Filler-MS,track,predict,who,ms,0
165.030.004.90,rutgers,FIller-MS,ice cream,tell,where,ms,1
165.030.004.90,rutgers,Filler-MS,gas,surprise,what gas stations,ms,1
165.030.004.90,rutgers,FILLER-MS,notary,certain,where,ms,1
165.030.004.90,rutgers,FILLER-MS,nobel,agree on,which physicists,ms,1
165.030.004.90,rutgers,Filler-MS,movie,forgot,where,ms,0
165.030.004.90,rutgers,FILLER-MS,lounge,wonder,who,ms,1
70.190.71.170,rutgers,Filler-MS,track,predict,who,ms,0
70.190.71.170,rutgers,FIller-MS,ice cream,tell,where,ms,1
70.190.71.170,rutgers,Filler-MS,gas,surprise,what gas stations,ms,0
70.190.71.170,rutgers,FILLER-MS,notary,certain,where,ms,0
70.190.71.170,rutgers,FILLER-MS,nobel,agree on,which physicists,ms,0
70.190.71.170,rutgers,Filler-MS,movie,forgot,where,ms,0
70.190.71.170,rutgers,FILLER-MS,lounge,wonder,who,ms,1
165.030.004.000,rutgers,Filler-MS,track,predict,who,ms,0
165.030.004.000,rutgers,FIller-MS,ice cream,tell,where,ms,1
165.030.004.000,rutgers,Filler-MS,gas,surprise,what gas stations,ms,1
165.030.004.000,rutgers,FILLER-MS,notary,certain,where,ms,1
165.030.004.000,rutgers,FILLER-MS,nobel,agree on,which physicists,ms,1
165.030.004.000,rutgers,Filler-MS,movie,forgot,where,ms,1
165.030.004.000,rutgers,FILLER-MS,lounge,wonder,who,ms,0
70.80.109.003,rutgers,Filler-MS,track,predict,who,ms,1
70.80.109.003,rutgers,FIller-MS,ice cream,tell,where,ms,1
70.80.109.003,rutgers,Filler-MS,gas,surprise,what gas stations,ms,1
70.80.109.003,rutgers,FILLER-MS,notary,certain,where,ms,1
70.80.109.003,rutgers,FILLER-MS,nobel,agree on,which physicists,ms,1
70.80.109.003,rutgers,Filler-MS,movie,forgot,where,ms,1
70.80.109.003,rutgers,FILLER-MS,lounge,wonder,who,ms,0
190.150.043.015,rutgers,Filler-MS,track,predict,who,ms,1
190.150.043.015,rutgers,FIller-MS,ice cream,tell,where,ms,1
190.150.043.015,rutgers,Filler-MS,gas,surprise,what gas stations,ms,1
190.150.043.015,rutgers,FILLER-MS,notary,certain,where,ms,1
190.150.043.015,rutgers,FILLER-MS,nobel,agree on,which physicists,ms,1
190.150.043.015,rutgers,Filler-MS,movie,forgot,where,ms,0
190.150.043.015,rutgers,FILLER-MS,lounge,wonder,who,ms,1
67.86.050.170,rutgers,Filler-MS,track,predict,who,ms,1
67.86.050.170,rutgers,FIller-MS,ice cream,tell,where,ms,1
67.86.050.170,rutgers,Filler-MS,gas,surprise,what gas stations,ms,1
67.86.050.170,rutgers,FILLER-MS,notary,certain,where,ms,1
67.86.050.170,rutgers,FILLER-MS,nobel,agree on,which physicists,ms,1
67.86.050.170,rutgers,Filler-MS,movie,forgot,where,ms,1
67.86.050.170,rutgers,FILLER-MS,lounge,wonder,who,ms,0
67.86.050.170,rutgers,Filler-MS,track,predict,who,ms,1
67.86.050.170,rutgers,FIller-MS,ice cream,tell,where,ms,1
67.86.050.170,rutgers,Filler-MS,gas,surprise,what gas stations,ms,1
67.86.050.170,rutgers,FILLER-MS,notary,certain,where,ms,1
67.86.050.170,rutgers,FILLER-MS,nobel,agree on,which physicists,ms,1
67.86.050.170,rutgers,Filler-MS,movie,forgot,where,ms,0
67.86.050.170,rutgers,FILLER-MS,lounge,wonder,who,ms,0
165.030.005.006,rutgers,Filler-MS,track,predict,who,ms,1
165.030.005.006,rutgers,FIller-MS,ice cream,tell,where,ms,1
165.030.005.006,rutgers,Filler-MS,gas,surprise,what gas stations,ms,1
165.030.005.006,rutgers,FILLER-MS,notary,certain,where,ms,1
165.030.005.006,rutgers,FILLER-MS,nobel,agree on,which physicists,ms,1
165.030.005.006,rutgers,Filler-MS,movie,forgot,where,ms,0
165.030.005.006,rutgers,FILLER-MS,lounge,wonder,who,ms,0
04.186.119.108,rutgers,Filler-MS,track,predict,who,ms,1
04.186.119.108,rutgers,FIller-MS,ice cream,tell,where,ms,1
04.186.119.108,rutgers,Filler-MS,gas,surprise,what gas stations,ms,1
04.186.119.108,rutgers,FILLER-MS,notary,certain,where,ms,1
04.186.119.108,rutgers,FILLER-MS,nobel,agree on,which physicists,ms,1
04.186.119.108,rutgers,Filler-MS,movie,forgot,where,ms,0
71.170.41.196,rutgers,FILLER-MS,lounge,wonder,who,ms,0
71.170.41.196,rutgers,Filler-MS,track,predict,who,ms,1
71.170.41.196,rutgers,FIller-MS,ice cream,tell,where,ms,1
71.170.41.196,rutgers,Filler-MS,gas,surprise,what gas stations,ms,1
71.170.41.196,rutgers,FILLER-MS,notary,certain,where,ms,1
71.170.41.196,rutgers,FILLER-MS,nobel,agree on,which physicists,ms,1
71.170.41.196,rutgers,Filler-MS,movie,forgot,where,ms,0
71.170.41.196,rutgers,FILLER-MS,lounge,wonder,who,ms,0
69.106.040.158,rutgers,Filler-MS,track,predict,who,ms,1
69.106.040.158,rutgers,FIller-MS,ice cream,tell,where,ms,1
69.106.040.158,rutgers,Filler-MS,gas,surprise,what gas stations,ms,1
69.106.040.158,rutgers,FILLER-MS,notary,certain,where,ms,1
69.106.040.158,rutgers,FILLER-MS,nobel,agree on,which physicists,ms,1
69.106.040.158,rutgers,Filler-MS,movie,forgot,where,ms,0
69.106.040.158,rutgers,FILLER-MS,lounge,wonder,who,ms,1
165.030.004.036,rutgers,Filler-MS,track,predict,who,ms,1
165.030.004.036,rutgers,FIller-MS,ice cream,tell,where,ms,1
165.030.004.036,rutgers,Filler-MS,gas,surprise,what gas stations,ms,0
165.030.004.036,rutgers,FILLER-MS,notary,certain,where,ms,1
165.030.004.036,rutgers,FILLER-MS,nobel,agree on,which physicists,ms,1
165.030.004.036,rutgers,Filler-MS,movie,forgot,where,ms,0
165.030.004.036,rutgers,FILLER-MS,lounge,wonder,who,ms,1
69.141.140.013,rutgers,Filler-MS,track,predict,who,ms,1
69.141.140.013,rutgers,FIller-MS,ice cream,tell,where,ms,1
69.141.140.013,rutgers,Filler-MS,gas,surprise,what gas stations,ms,1
69.141.140.013,rutgers,FILLER-MS,notary,certain,where,ms,1
69.141.140.013,rutgers,FILLER-MS,nobel,agree on,which physicists,ms,1
69.141.140.013,rutgers,Filler-MS,movie,forgot,where,ms,0
69.141.140.013,rutgers,FILLER-MS,lounge,wonder,who,ms,1
165.030.004.57,rutgers,Filler-MS,track,predict,who,ms,1
165.030.004.57,rutgers,FIller-MS,ice cream,tell,where,ms,1
165.030.004.57,rutgers,Filler-MS,gas,surprise,what gas stations,ms,1
165.030.004.57,rutgers,FILLER-MS,notary,certain,where,ms,1
165.030.004.57,rutgers,FILLER-MS,nobel,agree on,which physicists,ms,1
165.030.004.57,rutgers,Filler-MS,movie,forgot,where,ms,0
165.030.004.57,rutgers,FILLER-MS,lounge,wonder,who,ms,1
165.030.004.66,rutgers,Filler-MS,track,predict,who,ms,1
165.030.004.66,rutgers,FIller-MS,ice cream,tell,where,ms,1
165.030.004.66,rutgers,Filler-MS,gas,surprise,what gas stations,ms,1
165.030.004.66,rutgers,FILLER-MS,notary,certain,where,ms,1
165.030.004.66,rutgers,FILLER-MS,nobel,agree on,which physicists,ms,1
165.030.004.66,rutgers,Filler-MS,movie,forgot,where,ms,0
165.030.004.66,rutgers,FILLER-MS,lounge,wonder,who,ms,1
98.001.64.175,rutgers,Filler-MS,track,predict,who,ms,0
98.001.64.175,rutgers,FIller-MS,ice cream,tell,where,ms,1
98.001.64.175,rutgers,Filler-MS,gas,surprise,what gas stations,ms,1
98.001.64.175,rutgers,FILLER-MS,notary,certain,where,ms,1
98.001.64.175,rutgers,FILLER-MS,nobel,agree on,which physicists,ms,1
98.001.64.175,rutgers,Filler-MS,movie,forgot,where,ms,0
98.001.64.175,rutgers,FILLER-MS,lounge,wonder,who,ms,1
165.030.005.99,rutgers,Filler-MS,track,predict,who,ms,0
165.030.005.99,rutgers,FIller-MS,ice cream,tell,where,ms,1
165.030.005.99,rutgers,Filler-MS,gas,surprise,what gas stations,ms,1
165.030.005.99,rutgers,FILLER-MS,notary,certain,where,ms,1
165.030.005.99,rutgers,FILLER-MS,nobel,agree on,which physicists,ms,1
165.030.005.99,rutgers,Filler-MS,movie,forgot,where,ms,0
165.030.005.99,rutgers,FILLER-MS,lounge,wonder,who,ms,0
173.0.107.89,rutgers,Filler-MS,track,predict,who,ms,1
173.0.107.89,rutgers,FIller-MS,ice cream,tell,where,ms,1
173.0.107.89,rutgers,Filler-MS,gas,surprise,what gas stations,ms,1
173.0.107.89,rutgers,FILLER-MS,notary,certain,where,ms,1
173.0.107.89,rutgers,FILLER-MS,nobel,agree on,which physicists,ms,1
173.0.107.89,rutgers,Filler-MS,movie,forgot,where,ms,0
173.0.107.89,rutgers,FILLER-MS,lounge,wonder,who,ms,1
68.181.206.25,online,Filler-MS,track,predict,who,ms,0
68.181.206.25,online,FIller-MS,ice cream,tell,where,ms,1
68.181.206.25,online,Filler-MS,gas,surprise,what gas stations,ms,1
68.181.206.25,online,FILLER-MS,notary,certain,where,ms,1
68.181.206.25,online,FILLER-MS,nobel,agree on,which physicists,ms,1
68.181.206.25,online,Filler-MS,movie,forgot,where,ms,1
68.181.206.25,online,FILLER-MS,lounge,wonder,who,ms,1
166.170.28.46,online,Filler-MS,track,predict,who,ms,1
166.170.28.46,online,FIller-MS,ice cream,tell,where,ms,1
166.170.28.46,online,Filler-MS,gas,surprise,what gas stations,ms,1
166.170.28.46,online,FILLER-MS,notary,certain,where,ms,1
166.170.28.46,online,FILLER-MS,nobel,agree on,which physicists,ms,1
166.170.28.46,online,Filler-MS,movie,forgot,where,ms,0
166.170.28.46,online,FILLER-MS,lounge,wonder,who,ms,1
65.112.10.174,online,Filler-MS,track,predict,who,ms,0
65.112.10.174,online,FIller-MS,ice cream,tell,where,ms,1
65.112.10.174,online,Filler-MS,gas,surprise,what gas stations,ms,1
65.112.10.174,online,FILLER-MS,notary,certain,where,ms,1
65.112.10.174,online,FILLER-MS,nobel,agree on,which physicists,ms,1
65.112.10.174,online,Filler-MS,movie,forgot,where,ms,0
65.112.10.174,online,FILLER-MS,lounge,wonder,who,ms,0
150.108.216.96,online,Filler-MS,track,predict,who,ms,1
150.108.216.96,online,FIller-MS,ice cream,tell,where,ms,1
150.108.216.96,online,Filler-MS,gas,surprise,what gas stations,ms,1
150.108.216.96,online,FILLER-MS,notary,certain,where,ms,1
150.108.216.96,online,FILLER-MS,nobel,agree on,which physicists,ms,1
150.108.216.96,online,Filler-MS,movie,forgot,where,ms,1
150.108.216.96,online,FILLER-MS,lounge,wonder,who,ms,0
24.185.2.85,online,Filler-MS,track,predict,who,ms,1
24.185.2.85,online,FIller-MS,ice cream,tell,where,ms,1
24.185.2.85,online,Filler-MS,gas,surprise,what gas stations,ms,1
24.185.2.85,online,FILLER-MS,notary,certain,where,ms,1
24.185.2.85,online,FILLER-MS,nobel,agree on,which physicists,ms,1
24.185.2.85,online,Filler-MS,movie,forgot,where,ms,0
24.185.2.85,online,FILLER-MS,lounge,wonder,who,ms,0
71.126.138.173,online,Filler-MS,track,predict,who,ms,1
71.126.138.173,online,FIller-MS,ice cream,tell,where,ms,1
71.126.138.173,online,Filler-MS,gas,surprise,what gas stations,ms,1
71.126.138.173,online,FILLER-MS,notary,certain,where,ms,1
71.126.138.173,online,FILLER-MS,nobel,agree on,which physicists,ms,0
71.126.138.173,online,Filler-MS,movie,forgot,where,ms,0
71.126.138.173,online,FILLER-MS,lounge,wonder,who,ms,0
71.66.228.164,online,Filler-MS,track,predict,who,ms,0
71.66.228.164,online,FIller-MS,ice cream,tell,where,ms,1
71.66.228.164,online,Filler-MS,gas,surprise,what gas stations,ms,1
71.66.228.164,online,FILLER-MS,notary,certain,where,ms,1
71.66.228.164,online,FILLER-MS,nobel,agree on,which physicists,ms,1
71.66.228.164,online,Filler-MS,movie,forgot,where,ms,0
71.66.228.164,online,FILLER-MS,lounge,wonder,who,ms,1
50.153.246.193,online,Filler-MS,track,predict,who,ms,1
50.153.246.193,online,FIller-MS,ice cream,tell,where,ms,1
50.153.246.193,online,Filler-MS,gas,surprise,what gas stations,ms,1
50.153.246.193,online,FILLER-MS,notary,certain,where,ms,1
50.153.246.193,online,FILLER-MS,nobel,agree on,which physicists,ms,1
50.153.246.193,online,Filler-MS,movie,forgot,where,ms,0
50.153.246.193,online,FILLER-MS,lounge,wonder,who,ms,0
47.20.0.183,online,Filler-MS,track,predict,who,ms,1
47.20.0.183,online,FIller-MS,ice cream,tell,where,ms,1
47.20.0.183,online,Filler-MS,gas,surprise,what gas stations,ms,1
47.20.0.183,online,FILLER-MS,notary,certain,where,ms,1
47.20.0.183,online,FILLER-MS,nobel,agree on,which physicists,ms,1
47.20.0.183,online,Filler-MS,movie,forgot,where,ms,0
47.20.0.183,online,FILLER-MS,lounge,wonder,who,ms,0
77.101.65.83,online,Filler-MS,track,predict,who,ms,0
77.101.65.83,online,FIller-MS,ice cream,tell,where,ms,1
77.101.65.83,online,Filler-MS,gas,surprise,what gas stations,ms,1
77.101.65.83,online,FILLER-MS,notary,certain,where,ms,1
77.101.65.83,online,FILLER-MS,nobel,agree on,which physicists,ms,1
77.101.65.83,online,Filler-MS,movie,forgot,where,ms,0
77.101.65.83,online,FILLER-MS,lounge,wonder,who,ms,0
173.63.44.8,online,Filler-MS,track,predict,who,ms,1
173.63.44.8,online,FIller-MS,ice cream,tell,where,ms,1
173.63.44.8,online,Filler-MS,gas,surprise,what gas stations,ms,1
173.63.44.8,online,FILLER-MS,notary,certain,where,ms,1
173.63.44.8,online,FILLER-MS,nobel,agree on,which physicists,ms,1
173.63.44.8,online,Filler-MS,movie,forgot,where,ms,0
173.63.44.8,online,FILLER-MS,lounge,wonder,who,ms,0
172.58.137.226,online,Filler-MS,track,predict,who,ms,1
172.58.137.226,online,FIller-MS,ice cream,tell,where,ms,1
172.58.137.226,online,Filler-MS,gas,surprise,what gas stations,ms,1
172.58.137.226,online,FILLER-MS,notary,certain,where,ms,1
172.58.137.226,online,FILLER-MS,nobel,agree on,which physicists,ms,1
172.58.137.226,online,Filler-MS,movie,forgot,where,ms,0
172.58.137.226,online,FILLER-MS,lounge,wonder,who,ms,0
73.72.139.14,online,Filler-MS,track,predict,who,ms,0
73.72.139.14,online,FIller-MS,ice cream,tell,where,ms,1
73.72.139.14,online,Filler-MS,gas,surprise,what gas stations,ms,1
73.72.139.14,online,FILLER-MS,notary,certain,where,ms,1
73.72.139.14,online,FILLER-MS,nobel,agree on,which physicists,ms,1
73.72.139.14,online,Filler-MS,movie,forgot,where,ms,0
73.72.139.14,online,FILLER-MS,lounge,wonder,who,ms,1
73.134.84.161,online,Filler-MS,track,predict,who,ms,0
73.134.84.161,online,FIller-MS,ice cream,tell,where,ms,1
73.134.84.161,online,Filler-MS,gas,surprise,what gas stations,ms,1
73.134.84.161,online,FILLER-MS,notary,certain,where,ms,1
73.134.84.161,online,FILLER-MS,nobel,agree on,which physicists,ms,1
73.134.84.161,online,Filler-MS,movie,forgot,where,ms,0
73.134.84.161,online,FILLER-MS,lounge,wonder,who,ms,0
165.230.224.64,online,Filler-MS,track,predict,who,ms,1
165.230.224.64,online,FIller-MS,ice cream,tell,where,ms,1
165.230.224.64,online,Filler-MS,gas,surprise,what gas stations,ms,1
165.230.224.64,online,FILLER-MS,notary,certain,where,ms,1
165.230.224.64,online,FILLER-MS,nobel,agree on,which physicists,ms,1
165.230.224.64,online,Filler-MS,movie,forgot,where,ms,0
165.230.224.64,online,FILLER-MS,lounge,wonder,who,ms,0
76.167.240.24,online,Filler-MS,track,predict,who,ms,1
76.167.240.24,online,FIller-MS,ice cream,tell,where,ms,1
76.167.240.24,online,Filler-MS,gas,surprise,what gas stations,ms,1
76.167.240.24,online,FILLER-MS,notary,certain,where,ms,1
76.167.240.24,online,FILLER-MS,nobel,agree on,which physicists,ms,1
76.167.240.24,online,Filler-MS,movie,forgot,where,ms,0
76.167.240.24,online,FILLER-MS,lounge,wonder,who,ms,1
98.25.196.90,online,Filler-MS,track,predict,who,ms,0
98.25.196.90,online,FIller-MS,ice cream,tell,where,ms,1
98.25.196.90,online,Filler-MS,gas,surprise,what gas stations,ms,1
98.25.196.90,online,FILLER-MS,notary,certain,where,ms,1
98.25.196.90,online,FILLER-MS,nobel,agree on,which physicists,ms,1
98.25.196.90,online,Filler-MS,movie,forgot,where,ms,0
98.25.196.90,online,FILLER-MS,lounge,wonder,who,ms,1
108.237.150.35,online,Filler-MS,track,predict,who,ms,0
108.237.150.35,online,FIller-MS,ice cream,tell,where,ms,1
108.237.150.35,online,Filler-MS,gas,surprise,what gas stations,ms,1
108.237.150.35,online,FILLER-MS,notary,certain,where,ms,1
108.237.150.35,online,FILLER-MS,nobel,agree on,which physicists,ms,1
108.237.150.35,online,Filler-MS,movie,forgot,where,ms,0
108.237.150.35,online,FILLER-MS,lounge,wonder,who,ms,1
172.56.16.204,online,Filler-MS,track,predict,who,ms,1
172.56.16.204,online,FIller-MS,ice cream,tell,where,ms,1
172.56.16.204,online,Filler-MS,gas,surprise,what gas stations,ms,1
172.56.16.204,online,FILLER-MS,notary,certain,where,ms,1
172.56.16.204,online,FILLER-MS,nobel,agree on,which physicists,ms,1
172.56.16.204,online,Filler-MS,movie,forgot,where,ms,0
172.56.16.204,online,FILLER-MS,lounge,wonder,who,ms,1
164.67.237.91,online,Filler-MS,track,predict,who,ms,1
164.67.237.91,online,FIller-MS,ice cream,tell,where,ms,1
164.67.237.91,online,Filler-MS,gas,surprise,what gas stations,ms,1
164.67.237.91,online,FILLER-MS,notary,certain,where,ms,1
164.67.237.91,online,FILLER-MS,nobel,agree on,which physicists,ms,1
164.67.237.91,online,Filler-MS,movie,forgot,where,ms,0
164.67.237.91,online,FILLER-MS,lounge,wonder,who,ms,1
173.79.59.181,online,Filler-MS,track,predict,who,ms,1
173.79.59.181,online,FIller-MS,ice cream,tell,where,ms,1
173.79.59.181,online,Filler-MS,gas,surprise,what gas stations,ms,1
173.79.59.181,online,FILLER-MS,notary,certain,where,ms,1
173.79.59.181,online,FILLER-MS,nobel,agree on,which physicists,ms,0
173.79.59.181,online,Filler-MS,movie,forgot,where,ms,0
173.79.59.181,online,FILLER-MS,lounge,wonder,who,ms,1
73.242.55.235,online,Filler-MS,track,predict,who,ms,1
73.242.55.235,online,FIller-MS,ice cream,tell,where,ms,1
73.242.55.235,online,Filler-MS,gas,surprise,what gas stations,ms,1
73.242.55.235,online,FILLER-MS,notary,certain,where,ms,1
73.242.55.235,online,FILLER-MS,nobel,agree on,which physicists,ms,1
73.242.55.235,online,Filler-MS,movie,forgot,where,ms,0
73.242.55.235,online,FILLER-MS,lounge,wonder,who,ms,0
147.222.216.116,online,Filler-MS,track,predict,who,ms,1
147.222.216.116,online,FIller-MS,ice cream,tell,where,ms,1
147.222.216.116,online,Filler-MS,gas,surprise,what gas stations,ms,1
147.222.216.116,online,FILLER-MS,notary,certain,where,ms,1
147.222.216.116,online,FILLER-MS,nobel,agree on,which physicists,ms,1
147.222.216.116,online,Filler-MS,movie,forgot,where,ms,0
147.222.216.116,online,FILLER-MS,lounge,wonder,who,ms,0
12.167.141.60,online,Filler-MS,track,predict,who,ms,1
12.167.141.60,online,FIller-MS,ice cream,tell,where,ms,1
12.167.141.60,online,Filler-MS,gas,surprise,what gas stations,ms,1
12.167.141.60,online,FILLER-MS,notary,certain,where,ms,1
12.167.141.60,online,FILLER-MS,nobel,agree on,which physicists,ms,1
12.167.141.60,online,Filler-MS,movie,forgot,where,ms,0
12.167.141.60,online,FILLER-MS,lounge,wonder,who,ms,1
136.160.90.3,online,Filler-MS,track,predict,who,ms,1
136.160.90.3,online,FIller-MS,ice cream,tell,where,ms,1
136.160.90.3,online,Filler-MS,gas,surprise,what gas stations,ms,1
136.160.90.3,online,FILLER-MS,notary,certain,where,ms,1
136.160.90.3,online,FILLER-MS,nobel,agree on,which physicists,ms,1
136.160.90.3,online,Filler-MS,movie,forgot,where,ms,0
136.160.90.3,online,FILLER-MS,lounge,wonder,who,ms,1
67.84.43.204,online,Filler-MS,track,predict,who,ms,0
67.84.43.204,online,FIller-MS,ice cream,tell,where,ms,1
67.84.43.204,online,Filler-MS,gas,surprise,what gas stations,ms,1
67.84.43.204,online,FILLER-MS,notary,certain,where,ms,1
67.84.43.204,online,FILLER-MS,nobel,agree on,which physicists,ms,1
67.84.43.204,online,Filler-MS,movie,forgot,where,ms,1
67.84.43.204,online,FILLER-MS,lounge,wonder,who,ms,1
50.32.254.161,online,Filler-MS,track,predict,who,ms,0
50.32.254.161,online,FIller-MS,ice cream,tell,where,ms,1
50.32.254.161,online,Filler-MS,gas,surprise,what gas stations,ms,0
50.32.254.161,online,FILLER-MS,notary,certain,where,ms,1
50.32.254.161,online,FILLER-MS,nobel,agree on,which physicists,ms,1
50.32.254.161,online,Filler-MS,movie,forgot,where,ms,1
50.32.254.161,online,FILLER-MS,lounge,wonder,who,ms,0
167.219.88.140,online,Filler-MS,track,predict,who,ms,1
167.219.88.140,online,FIller-MS,ice cream,tell,where,ms,1
167.219.88.140,online,Filler-MS,gas,surprise,what gas stations,ms,1
167.219.88.140,online,FILLER-MS,notary,certain,where,ms,1
167.219.88.140,online,FILLER-MS,nobel,agree on,which physicists,ms,1
167.219.88.140,online,Filler-MS,movie,forgot,where,ms,0
167.219.88.140,online,FILLER-MS,lounge,wonder,who,ms,1
68.170.94.47,online,Filler-MS,track,predict,who,ms,1
68.170.94.47,online,FIller-MS,ice cream,tell,where,ms,1
68.170.94.47,online,Filler-MS,gas,surprise,what gas stations,ms,1
68.170.94.47,online,FILLER-MS,notary,certain,where,ms,1
68.170.94.47,online,FILLER-MS,nobel,agree on,which physicists,ms,1
68.170.94.47,online,Filler-MS,movie,forgot,where,ms,1
68.170.94.47,online,FILLER-MS,lounge,wonder,who,ms,1
162.239.1.6,online,Filler-MS,track,predict,who,ms,1
162.239.1.6,online,FIller-MS,ice cream,tell,where,ms,1
162.239.1.6,online,Filler-MS,gas,surprise,what gas stations,ms,1
162.239.1.6,online,FILLER-MS,notary,certain,where,ms,1
162.239.1.6,online,FILLER-MS,nobel,agree on,which physicists,ms,1
162.239.1.6,online,Filler-MS,movie,forgot,where,ms,1
162.239.1.6,online,FILLER-MS,lounge,wonder,who,ms,0
73.182.225.53,online,Filler-MS,track,predict,who,ms,1
73.182.225.53,online,FIller-MS,ice cream,tell,where,ms,1
73.182.225.53,online,Filler-MS,gas,surprise,what gas stations,ms,1
73.182.225.53,online,FILLER-MS,notary,certain,where,ms,1
73.182.225.53,online,FILLER-MS,nobel,agree on,which physicists,ms,0
73.182.225.53,online,Filler-MS,movie,forgot,where,ms,0
73.182.225.53,online,FILLER-MS,lounge,wonder,who,ms,1
192.231.177.29,online,Filler-MS,track,predict,who,ms,1
192.231.177.29,online,FIller-MS,ice cream,tell,where,ms,1
192.231.177.29,online,Filler-MS,gas,surprise,what gas stations,ms,1
192.231.177.29,online,FILLER-MS,notary,certain,where,ms,1
192.231.177.29,online,FILLER-MS,nobel,agree on,which physicists,ms,1
192.231.177.29,online,Filler-MS,movie,forgot,where,ms,0
192.231.177.29,online,FILLER-MS,lounge,wonder,who,ms,1
73.200.22.97,online,Filler-MS,track,predict,who,ms,0
73.200.22.97,online,FIller-MS,ice cream,tell,where,ms,0
73.200.22.97,online,Filler-MS,gas,surprise,what gas stations,ms,1
73.200.22.97,online,FILLER-MS,notary,certain,where,ms,1
73.200.22.97,online,FILLER-MS,nobel,agree on,which physicists,ms,1
73.200.22.97,online,Filler-MS,movie,forgot,where,ms,1
73.200.22.97,online,FILLER-MS,lounge,wonder,who,ms,0
108.53.051.141,rutgers,M-All F,lottery,know,which customers,maf,0
108.53.051.141,rutgers,M-ALL F,bounce,know,which parents,maf,0
165.030.004.105,rutgers,M-All F,lottery,know,which customers,maf,0
165.030.004.105,rutgers,M-ALL F,bounce,know,which parents,maf,0
165.030.004.90,rutgers,M-All F,lottery,know,which customers,maf,0
165.030.004.90,rutgers,M-ALL F,bounce,know,which parents,maf,0
70.190.71.170,rutgers,M-All F,lottery,know,which customers,maf,1
70.190.71.170,rutgers,M-ALL F,bounce,know,which parents,maf,0
165.030.004.000,rutgers,M-All F,lottery,know,which customers,maf,0
165.030.004.000,rutgers,M-ALL F,bounce,know,which parents,maf,0
70.80.109.003,rutgers,M-All F,lottery,know,which customers,maf,0
70.80.109.003,rutgers,M-ALL F,bounce,know,which parents,maf,0
190.150.043.015,rutgers,M-All F,lottery,know,which customers,maf,0
190.150.043.015,rutgers,M-ALL F,bounce,know,which parents,maf,0
67.86.050.170,rutgers,M-All F,lottery,know,which customers,maf,1
67.86.050.170,rutgers,M-ALL F,bounce,know,which parents,maf,1
67.86.050.170,rutgers,M-All F,lottery,know,which customers,maf,0
67.86.050.170,rutgers,M-ALL F,bounce,know,which parents,maf,0
165.030.005.006,rutgers,M-All F,lottery,know,which customers,maf,0
165.030.005.006,rutgers,M-ALL F,bounce,know,which parents,maf,0
04.186.119.108,rutgers,M-All F,lottery,know,which customers,maf,0
04.186.119.108,rutgers,M-ALL F,bounce,know,which parents,maf,0
71.170.41.196,rutgers,M-All F,lottery,know,which customers,maf,0
71.170.41.196,rutgers,M-ALL F,bounce,know,which parents,maf,0
69.106.040.158,rutgers,M-All F,lottery,know,which customers,maf,0
69.106.040.158,rutgers,M-ALL F,bounce,know,which parents,maf,0
165.030.004.036,rutgers,M-All F,lottery,know,which customers,maf,0
165.030.004.036,rutgers,M-ALL F,bounce,know,which parents,maf,0
69.141.140.013,rutgers,M-All F,lottery,know,which customers,maf,0
69.141.140.013,rutgers,M-ALL F,bounce,know,which parents,maf,0
165.030.004.57,rutgers,M-All F,lottery,know,which customers,maf,0
165.030.004.57,rutgers,M-ALL F,bounce,know,which parents,maf,0
165.030.004.66,rutgers,M-All F,lottery,know,which customers,maf,0
165.030.004.66,rutgers,M-ALL F,bounce,know,which parents,maf,0
98.001.64.175,rutgers,M-All F,lottery,know,which customers,maf,0
98.001.64.175,rutgers,M-ALL F,bounce,know,which parents,maf,0
165.030.005.99,rutgers,M-All F,lottery,know,which customers,maf,0
165.030.005.99,rutgers,M-ALL F,bounce,know,which parents,maf,1
173.0.107.89,rutgers,M-All F,lottery,know,which customers,maf,0
173.0.107.89,rutgers,M-ALL F,bounce,know,which parents,maf,0
68.181.206.25,online,M-All F,lottery,know,which customers,maf,0
68.181.206.25,online,M-ALL F,bounce,know,which parents,maf,0
166.170.28.46,online,M-All F,lottery,know,which customers,maf,0
166.170.28.46,online,M-ALL F,bounce,know,which parents,maf,1
65.112.10.174,online,M-All F,lottery,know,which customers,maf,0
65.112.10.174,online,M-ALL F,bounce,know,which parents,maf,0
150.108.216.96,online,M-All F,lottery,know,which customers,maf,0
150.108.216.96,online,M-ALL F,bounce,know,which parents,maf,0
24.185.2.85,online,M-All F,lottery,know,which customers,maf,0
24.185.2.85,online,M-ALL F,bounce,know,which parents,maf,0
71.126.138.173,online,M-All F,lottery,know,which customers,maf,0
71.126.138.173,online,M-ALL F,bounce,know,which parents,maf,0
71.66.228.164,online,M-All F,lottery,know,which customers,maf,0
71.66.228.164,online,M-ALL F,bounce,know,which parents,maf,0
50.153.246.193,online,M-All F,lottery,know,which customers,maf,1
50.153.246.193,online,M-ALL F,bounce,know,which parents,maf,0
47.20.0.183,online,M-All F,lottery,know,which customers,maf,0
47.20.0.183,online,M-ALL F,bounce,know,which parents,maf,0
77.101.65.83,online,M-All F,lottery,know,which customers,maf,0
77.101.65.83,online,M-ALL F,bounce,know,which parents,maf,0
173.63.44.8,online,M-All F,lottery,know,which customers,maf,0
173.63.44.8,online,M-ALL F,bounce,know,which parents,maf,1
172.58.137.226,online,M-All F,lottery,know,which customers,maf,0
172.58.137.226,online,M-ALL F,bounce,know,which parents,maf,0
73.72.139.14,online,M-All F,lottery,know,which customers,maf,0
73.72.139.14,online,M-ALL F,bounce,know,which parents,maf,0
73.134.84.161,online,M-All F,lottery,know,which customers,maf,0
73.134.84.161,online,M-ALL F,bounce,know,which parents,maf,0
165.230.224.64,online,M-All F,lottery,know,which customers,maf,0
165.230.224.64,online,M-ALL F,bounce,know,which parents,maf,0
76.167.240.24,online,M-All F,lottery,know,which customers,maf,0
76.167.240.24,online,M-ALL F,bounce,know,which parents,maf,0
98.25.196.90,online,M-All F,lottery,know,which customers,maf,0
98.25.196.90,online,M-ALL F,bounce,know,which parents,maf,1
108.237.150.35,online,M-All F,lottery,know,which customers,maf,0
108.237.150.35,online,M-ALL F,bounce,know,which parents,maf,0
172.56.16.204,online,M-All F,lottery,know,which customers,maf,0
172.56.16.204,online,M-ALL F,bounce,know,which parents,maf,0
164.67.237.91,online,M-All F,lottery,know,which customers,maf,0
164.67.237.91,online,M-ALL F,bounce,know,which parents,maf,0
173.79.59.181,online,M-All F,lottery,know,which customers,maf,0
173.79.59.181,online,M-ALL F,bounce,know,which parents,maf,0
73.242.55.235,online,M-All F,lottery,know,which customers,maf,0
73.242.55.235,online,M-ALL F,bounce,know,which parents,maf,0
147.222.216.116,online,M-All F,lottery,know,which customers,maf,0
147.222.216.116,online,M-ALL F,bounce,know,which parents,maf,0
12.167.141.60,online,M-All F,lottery,know,which customers,maf,0
12.167.141.60,online,M-ALL F,bounce,know,which parents,maf,1
136.160.90.3,online,M-All F,lottery,know,which customers,maf,1
136.160.90.3,online,M-ALL F,bounce,know,which parents,maf,1
67.84.43.204,online,M-All F,lottery,know,which customers,maf,0
67.84.43.204,online,M-ALL F,bounce,know,which parents,maf,0
50.32.254.161,online,M-All F,lottery,know,which customers,maf,0
50.32.254.161,online,M-ALL F,bounce,know,which parents,maf,0
167.219.88.140,online,M-All F,lottery,know,which customers,maf,1
167.219.88.140,online,M-ALL F,bounce,know,which parents,maf,0
68.170.94.47,online,M-All F,lottery,know,which customers,maf,0
68.170.94.47,online,M-ALL F,bounce,know,which parents,maf,0
162.239.1.6,online,M-All F,lottery,know,which customers,maf,0
162.239.1.6,online,M-ALL F,bounce,know,which parents,maf,0
73.182.225.53,online,M-All F,lottery,know,which customers,maf,0
73.182.225.53,online,M-ALL F,bounce,know,which parents,maf,0
192.231.177.29,online,M-All F,lottery,know,which customers,maf,0
192.231.177.29,online,M-ALL F,bounce,know,which parents,maf,0
73.200.22.97,online,M-All F,lottery,know,which customers,maf,0
73.200.22.97,online,M-ALL F,bounce,know,which parents,maf,0
108.53.051.141,rutgers,M-ALL T,hr training,know,who,tc,1
108.53.051.141,rutgers,M-ALL T,bike,know,what places,tc,1
165.030.004.105,rutgers,M-ALL T,hr training,know,who,tc,1
165.030.004.105,rutgers,M-ALL T,bike,know,what places,tc,1
165.030.004.90,rutgers,M-ALL T,hr training,know,who,tc,1
165.030.004.90,rutgers,M-ALL T,bike,know,what places,tc,1
70.190.71.170,rutgers,M-ALL T,hr training,know,who,tc,1
70.190.71.170,rutgers,M-ALL T,bike,know,what places,tc,1
165.030.004.000,rutgers,M-ALL T,hr training,know,who,tc,1
165.030.004.000,rutgers,M-ALL T,bike,know,what places,tc,1
70.80.109.003,rutgers,M-ALL T,hr training,know,who,tc,1
70.80.109.003,rutgers,M-ALL T,bike,know,what places,tc,1
190.150.043.015,rutgers,M-ALL T,hr training,know,who,tc,1
190.150.043.015,rutgers,M-ALL T,bike,know,what places,tc,1
67.86.050.170,rutgers,M-ALL T,hr training,know,who,tc,1
67.86.050.170,rutgers,M-ALL T,bike,know,what places,tc,1
67.86.050.170,rutgers,M-ALL T,hr training,know,who,tc,1
67.86.050.170,rutgers,M-ALL T,bike,know,what places,tc,0
165.030.005.006,rutgers,M-ALL T,hr training,know,who,tc,1
165.030.005.006,rutgers,M-ALL T,bike,know,what places,tc,1
04.186.119.108,rutgers,M-ALL T,hr training,know,who,tc,1
04.186.119.108,rutgers,M-ALL T,bike,know,what places,tc,1
71.170.41.196,rutgers,M-ALL T,hr training,know,who,tc,1
71.170.41.196,rutgers,M-ALL T,bike,know,what places,tc,1
69.106.040.158,rutgers,M-ALL T,hr training,know,who,tc,1
69.106.040.158,rutgers,M-ALL T,bike,know,what places,tc,1
165.030.004.036,rutgers,M-ALL T,hr training,know,who,tc,1
165.030.004.036,rutgers,M-ALL T,bike,know,what places,tc,1
69.141.140.013,rutgers,M-ALL T,hr training,know,who,tc,1
69.141.140.013,rutgers,M-ALL T,bike,know,what places,tc,1
165.030.004.57,rutgers,M-ALL T,hr training,know,who,tc,1
165.030.004.57,rutgers,M-ALL T,bike,know,what places,tc,1
165.030.004.66,rutgers,M-ALL T,hr training,know,who,tc,0
165.030.004.66,rutgers,M-ALL T,bike,know,what places,tc,1
98.001.64.175,rutgers,M-ALL T,hr training,know,who,tc,1
98.001.64.175,rutgers,M-ALL T,bike,know,what places,tc,1
165.030.005.99,rutgers,M-ALL T,hr training,know,who,tc,0
165.030.005.99,rutgers,M-ALL T,bike,know,what places,tc,1
173.0.107.89,rutgers,M-ALL T,hr training,know,who,tc,1
173.0.107.89,rutgers,M-ALL T,bike,know,what places,tc,1
68.181.206.25,online,M-ALL T,hr training,know,who,tc,1
68.181.206.25,online,M-ALL T,bike,know,what places,tc,1
166.170.28.46,online,M-ALL T,hr training,know,who,tc,1
166.170.28.46,online,M-ALL T,bike,know,what places,tc,1
65.112.10.174,online,M-ALL T,hr training,know,who,tc,0
65.112.10.174,online,M-ALL T,bike,know,what places,tc,1
150.108.216.96,online,M-ALL T,hr training,know,who,tc,1
150.108.216.96,online,M-ALL T,bike,know,what places,tc,1
24.185.2.85,online,M-ALL T,hr training,know,who,tc,1
24.185.2.85,online,M-ALL T,bike,know,what places,tc,1
71.126.138.173,online,M-ALL T,hr training,know,who,tc,1
71.126.138.173,online,M-ALL T,bike,know,what places,tc,1
71.66.228.164,online,M-ALL T,hr training,know,who,tc,1
71.66.228.164,online,M-ALL T,bike,know,what places,tc,1
50.153.246.193,online,M-ALL T,hr training,know,who,tc,1
50.153.246.193,online,M-ALL T,bike,know,what places,tc,1
47.20.0.183,online,M-ALL T,hr training,know,who,tc,1
47.20.0.183,online,M-ALL T,bike,know,what places,tc,1
77.101.65.83,online,M-ALL T,hr training,know,who,tc,1
77.101.65.83,online,M-ALL T,bike,know,what places,tc,1
173.63.44.8,online,M-ALL T,hr training,know,who,tc,1
173.63.44.8,online,M-ALL T,bike,know,what places,tc,1
172.58.137.226,online,M-ALL T,hr training,know,who,tc,1
172.58.137.226,online,M-ALL T,bike,know,what places,tc,1
73.72.139.14,online,M-ALL T,hr training,know,who,tc,1
73.72.139.14,online,M-ALL T,bike,know,what places,tc,1
73.134.84.161,online,M-ALL T,hr training,know,who,tc,1
73.134.84.161,online,M-ALL T,bike,know,what places,tc,1
165.230.224.64,online,M-ALL T,hr training,know,who,tc,1
165.230.224.64,online,M-ALL T,bike,know,what places,tc,1
76.167.240.24,online,M-ALL T,hr training,know,who,tc,1
76.167.240.24,online,M-ALL T,bike,know,what places,tc,1
98.25.196.90,online,M-ALL T,hr training,know,who,tc,1
98.25.196.90,online,M-ALL T,bike,know,what places,tc,1
108.237.150.35,online,M-ALL T,hr training,know,who,tc,1
108.237.150.35,online,M-ALL T,bike,know,what places,tc,1
172.56.16.204,online,M-ALL T,hr training,know,who,tc,1
172.56.16.204,online,M-ALL T,bike,know,what places,tc,1
164.67.237.91,online,M-ALL T,hr training,know,who,tc,1
164.67.237.91,online,M-ALL T,bike,know,what places,tc,1
173.79.59.181,online,M-ALL T,hr training,know,who,tc,1
173.79.59.181,online,M-ALL T,bike,know,what places,tc,1
73.242.55.235,online,M-ALL T,hr training,know,who,tc,1
73.242.55.235,online,M-ALL T,bike,know,what places,tc,1
147.222.216.116,online,M-ALL T,hr training,know,who,tc,1
147.222.216.116,online,M-ALL T,bike,know,what places,tc,1
12.167.141.60,online,M-ALL T,hr training,know,who,tc,1
12.167.141.60,online,M-ALL T,bike,know,what places,tc,1
136.160.90.3,online,M-ALL T,hr training,know,who,tc,1
136.160.90.3,online,M-ALL T,bike,know,what places,tc,1
67.84.43.204,online,M-ALL T,hr training,know,who,tc,1
67.84.43.204,online,M-ALL T,bike,know,what places,tc,1
50.32.254.161,online,M-ALL T,hr training,know,who,tc,1
50.32.254.161,online,M-ALL T,bike,know,what places,tc,1
167.219.88.140,online,M-ALL T,hr training,know,who,tc,1
167.219.88.140,online,M-ALL T,bike,know,what places,tc,1
68.170.94.47,online,M-ALL T,hr training,know,who,tc,1
68.170.94.47,online,M-ALL T,bike,know,what places,tc,1
162.239.1.6,online,M-ALL T,hr training,know,who,tc,1
162.239.1.6,online,M-ALL T,bike,know,what places,tc,1
73.182.225.53,online,M-ALL T,hr training,know,who,tc,1
73.182.225.53,online,M-ALL T,bike,know,what places,tc,1
192.231.177.29,online,M-ALL T,hr training,know,who,tc,1
192.231.177.29,online,M-ALL T,bike,know,what places,tc,1
73.200.22.97,online,M-ALL T,hr training,know,who,tc,1
73.200.22.97,online,M-ALL T,bike,know,what places,tc,0
108.53.051.141,rutgers,MS-where,newspaper,know,where,ms,1
108.53.051.141,rutgers,MS-where,capuccino,know,where,ms,1
165.030.004.105,rutgers,MS-where,newspaper,know,where,ms,1
165.030.004.105,rutgers,MS-where,capuccino,know,where,ms,1
165.030.004.90,rutgers,MS-where,newspaper,know,where,ms,1
165.030.004.90,rutgers,MS-where,capuccino,know,where,ms,1
70.190.71.170,rutgers,MS-where,newspaper,know,where,ms,1
70.190.71.170,rutgers,MS-where,capuccino,know,where,ms,1
165.030.004.000,rutgers,MS-where,newspaper,know,where,ms,0
165.030.004.000,rutgers,MS-where,capuccino,know,where,ms,0
70.80.109.003,rutgers,MS-where,newspaper,know,where,ms,1
70.80.109.003,rutgers,MS-where,capuccino,know,where,ms,1
190.150.043.015,rutgers,MS-where,newspaper,know,where,ms,1
190.150.043.015,rutgers,MS-where,capuccino,know,where,ms,1
67.86.050.170,rutgers,MS-where,newspaper,know,where,ms,1
67.86.050.170,rutgers,MS-where,capuccino,know,where,ms,1
67.86.050.170,rutgers,MS-where,newspaper,know,where,ms,0
67.86.050.170,rutgers,MS-where,capuccino,know,where,ms,1
165.030.005.006,rutgers,MS-where,newspaper,know,where,ms,1
165.030.005.006,rutgers,MS-where,capuccino,know,where,ms,1
04.186.119.108,rutgers,MS-where,newspaper,know,where,ms,1
04.186.119.108,rutgers,MS-where,capuccino,know,where,ms,1
71.170.41.196,rutgers,MS-where,newspaper,know,where,ms,1
71.170.41.196,rutgers,MS-where,capuccino,know,where,ms,1
69.106.040.158,rutgers,MS-where,newspaper,know,where,ms,1
69.106.040.158,rutgers,MS-where,capuccino,know,where,ms,1
165.030.004.036,rutgers,MS-where,newspaper,know,where,ms,1
165.030.004.036,rutgers,MS-where,capuccino,know,where,ms,1
69.141.140.013,rutgers,MS-where,newspaper,know,where,ms,1
69.141.140.013,rutgers,MS-where,capuccino,know,where,ms,1
165.030.004.57,rutgers,MS-where,newspaper,know,where,ms,1
165.030.004.57,rutgers,MS-where,capuccino,know,where,ms,1
165.030.004.66,rutgers,MS-where,newspaper,know,where,ms,1
165.030.004.66,rutgers,MS-where,capuccino,know,where,ms,1
98.001.64.175,rutgers,MS-where,newspaper,know,where,ms,1
98.001.64.175,rutgers,MS-where,capuccino,know,where,ms,1
165.030.005.99,rutgers,MS-where,newspaper,know,where,ms,1
165.030.005.99,rutgers,MS-where,capuccino,know,where,ms,1
173.0.107.89,rutgers,MS-where,newspaper,know,where,ms,1
173.0.107.89,rutgers,MS-where,capuccino,know,where,ms,1
68.181.206.25,online,MS-where,newspaper,know,where,ms,1
68.181.206.25,online,MS-where,capuccino,know,where,ms,1
166.170.28.46,online,MS-where,newspaper,know,where,ms,1
166.170.28.46,online,MS-where,capuccino,know,where,ms,1
65.112.10.174,online,MS-where,newspaper,know,where,ms,1
65.112.10.174,online,MS-where,capuccino,know,where,ms,1
150.108.216.96,online,MS-where,newspaper,know,where,ms,1
150.108.216.96,online,MS-where,capuccino,know,where,ms,1
24.185.2.85,online,MS-where,newspaper,know,where,ms,1
24.185.2.85,online,MS-where,capuccino,know,where,ms,1
71.126.138.173,online,MS-where,newspaper,know,where,ms,1
71.126.138.173,online,MS-where,capuccino,know,where,ms,0
71.66.228.164,online,MS-where,newspaper,know,where,ms,1
71.66.228.164,online,MS-where,capuccino,know,where,ms,1
50.153.246.193,online,MS-where,newspaper,know,where,ms,1
50.153.246.193,online,MS-where,capuccino,know,where,ms,1
47.20.0.183,online,MS-where,newspaper,know,where,ms,1
47.20.0.183,online,MS-where,capuccino,know,where,ms,1
77.101.65.83,online,MS-where,newspaper,know,where,ms,1
77.101.65.83,online,MS-where,capuccino,know,where,ms,1
173.63.44.8,online,MS-where,newspaper,know,where,ms,1
173.63.44.8,online,MS-where,capuccino,know,where,ms,1
172.58.137.226,online,MS-where,newspaper,know,where,ms,1
172.58.137.226,online,MS-where,capuccino,know,where,ms,1
73.72.139.14,online,MS-where,newspaper,know,where,ms,1
73.72.139.14,online,MS-where,capuccino,know,where,ms,1
73.134.84.161,online,MS-where,newspaper,know,where,ms,0
73.134.84.161,online,MS-where,capuccino,know,where,ms,1
165.230.224.64,online,MS-where,newspaper,know,where,ms,1
165.230.224.64,online,MS-where,capuccino,know,where,ms,1
76.167.240.24,online,MS-where,newspaper,know,where,ms,1
76.167.240.24,online,MS-where,capuccino,know,where,ms,1
98.25.196.90,online,MS-where,newspaper,know,where,ms,1
98.25.196.90,online,MS-where,capuccino,know,where,ms,1
108.237.150.35,online,MS-where,newspaper,know,where,ms,1
108.237.150.35,online,MS-where,capuccino,know,where,ms,1
172.56.16.204,online,MS-where,newspaper,know,where,ms,1
172.56.16.204,online,MS-where,capuccino,know,where,ms,1
164.67.237.91,online,MS-where,newspaper,know,where,ms,1
164.67.237.91,online,MS-where,capuccino,know,where,ms,1
173.79.59.181,online,MS-where,newspaper,know,where,ms,1
173.79.59.181,online,MS-where,capuccino,know,where,ms,1
73.242.55.235,online,MS-where,newspaper,know,where,ms,1
73.242.55.235,online,MS-where,capuccino,know,where,ms,1
147.222.216.116,online,MS-where,newspaper,know,where,ms,1
147.222.216.116,online,MS-where,capuccino,know,where,ms,1
12.167.141.60,online,MS-where,newspaper,know,where,ms,1
12.167.141.60,online,MS-where,capuccino,know,where,ms,1
136.160.90.3,online,MS-where,newspaper,know,where,ms,1
136.160.90.3,online,MS-where,capuccino,know,where,ms,1
67.84.43.204,online,MS-where,newspaper,know,where,ms,1
67.84.43.204,online,MS-where,capuccino,know,where,ms,1
50.32.254.161,online,MS-where,newspaper,know,where,ms,1
50.32.254.161,online,MS-where,capuccino,know,where,ms,1
167.219.88.140,online,MS-where,newspaper,know,where,ms,1
167.219.88.140,online,MS-where,capuccino,know,where,ms,1
68.170.94.47,online,MS-where,newspaper,know,where,ms,1
68.170.94.47,online,MS-where,capuccino,know,where,ms,1
162.239.1.6,online,MS-where,newspaper,know,where,ms,1
162.239.1.6,online,MS-where,capuccino,know,where,ms,1
73.182.225.53,online,MS-where,newspaper,know,where,ms,1
73.182.225.53,online,MS-where,capuccino,know,where,ms,1
192.231.177.29,online,MS-where,newspaper,know,where,ms,1
192.231.177.29,online,MS-where,capuccino,know,where,ms,1
73.200.22.97,online,MS-where,newspaper,know,where,ms,1
73.200.22.97,online,MS-where,capuccino,know,where,ms,1
108.53.051.141,rutgers,MS-who,dinner party,know,who,ms,0
108.53.051.141,rutgers,MS-who,hospital,know,who,ms,0
165.030.004.105,rutgers,MS-who,dinner party,know,who,ms,1
165.030.004.105,rutgers,MS-who,hospital,know,who,ms,1
165.030.004.90,rutgers,MS-who,dinner party,know,who,ms,1
165.030.004.90,rutgers,MS-who,hospital,know,who,ms,0
70.190.71.170,rutgers,MS-who,dinner party,know,who,ms,0
70.190.71.170,rutgers,MS-who,hospital,know,who,ms,1
165.030.004.000,rutgers,MS-who,dinner party,know,who,ms,1
165.030.004.000,rutgers,MS-who,hospital,know,who,ms,1
70.80.109.003,rutgers,MS-who,dinner party,know,who,ms,1
70.80.109.003,rutgers,MS-who,hospital,know,who,ms,1
190.150.043.015,rutgers,MS-who,dinner party,know,who,ms,0
190.150.043.015,rutgers,MS-who,hospital,know,who,ms,1
67.86.050.170,rutgers,MS-who,dinner party,know,who,ms,1
67.86.050.170,rutgers,MS-who,hospital,know,who,ms,1
67.86.050.170,rutgers,MS-who,dinner party,know,who,ms,1
67.86.050.170,rutgers,MS-who,hospital,know,who,ms,1
165.030.005.006,rutgers,MS-who,dinner party,know,who,ms,1
165.030.005.006,rutgers,MS-who,hospital,know,who,ms,1
04.186.119.108,rutgers,MS-who,dinner party,know,who,ms,0
04.186.119.108,rutgers,MS-who,hospital,know,who,ms,0
71.170.41.196,rutgers,MS-who,dinner party,know,who,ms,0
71.170.41.196,rutgers,MS-who,hospital,know,who,ms,1
69.106.040.158,rutgers,MS-who,dinner party,know,who,ms,1
69.106.040.158,rutgers,MS-who,hospital,know,who,ms,1
165.030.004.036,rutgers,MS-who,dinner party,know,who,ms,0
165.030.004.036,rutgers,MS-who,hospital,know,who,ms,0
69.141.140.013,rutgers,MS-who,dinner party,know,who,ms,1
69.141.140.013,rutgers,MS-who,hospital,know,who,ms,0
165.030.004.57,rutgers,MS-who,dinner party,know,who,ms,1
165.030.004.57,rutgers,MS-who,hospital,know,who,ms,1
165.030.004.66,rutgers,MS-who,dinner party,know,who,ms,1
165.030.004.66,rutgers,MS-who,hospital,know,who,ms,1
98.001.64.175,rutgers,MS-who,dinner party,know,who,ms,0
98.001.64.175,rutgers,MS-who,hospital,know,who,ms,1
165.030.005.99,rutgers,MS-who,dinner party,know,who,ms,0
165.030.005.99,rutgers,MS-who,hospital,know,who,ms,1
173.0.107.89,rutgers,MS-who,dinner party,know,who,ms,0
173.0.107.89,rutgers,MS-who,hospital,know,who,ms,1
68.181.206.25,online,MS-who,dinner party,know,who,ms,0
68.181.206.25,online,MS-who,hospital,know,who,ms,0
166.170.28.46,online,MS-who,dinner party,know,who,ms,0
166.170.28.46,online,MS-who,hospital,know,who,ms,0
65.112.10.174,online,MS-who,dinner party,know,who,ms,0
65.112.10.174,online,MS-who,hospital,know,who,ms,0
150.108.216.96,online,MS-who,dinner party,know,who,ms,1
150.108.216.96,online,MS-who,hospital,know,who,ms,1
24.185.2.85,online,MS-who,dinner party,know,who,ms,1
24.185.2.85,online,MS-who,hospital,know,who,ms,1
71.126.138.173,online,MS-who,dinner party,know,who,ms,0
71.126.138.173,online,MS-who,hospital,know,who,ms,0
71.66.228.164,online,MS-who,dinner party,know,who,ms,0
71.66.228.164,online,MS-who,hospital,know,who,ms,0
50.153.246.193,online,MS-who,dinner party,know,who,ms,0
50.153.246.193,online,MS-who,hospital,know,who,ms,0
47.20.0.183,online,MS-who,dinner party,know,who,ms,0
47.20.0.183,online,MS-who,hospital,know,who,ms,1
77.101.65.83,online,MS-who,dinner party,know,who,ms,0
77.101.65.83,online,MS-who,hospital,know,who,ms,0
173.63.44.8,online,MS-who,dinner party,know,who,ms,1
173.63.44.8,online,MS-who,hospital,know,who,ms,1
172.58.137.226,online,MS-who,dinner party,know,who,ms,0
172.58.137.226,online,MS-who,hospital,know,who,ms,0
73.72.139.14,online,MS-who,dinner party,know,who,ms,0
73.72.139.14,online,MS-who,hospital,know,who,ms,1
73.134.84.161,online,MS-who,dinner party,know,who,ms,0
73.134.84.161,online,MS-who,hospital,know,who,ms,0
165.230.224.64,online,MS-who,dinner party,know,who,ms,0
165.230.224.64,online,MS-who,hospital,know,who,ms,1
76.167.240.24,online,MS-who,dinner party,know,who,ms,0
76.167.240.24,online,MS-who,hospital,know,who,ms,1
98.25.196.90,online,MS-who,dinner party,know,who,ms,0
98.25.196.90,online,MS-who,hospital,know,who,ms,0
108.237.150.35,online,MS-who,dinner party,know,who,ms,0
108.237.150.35,online,MS-who,hospital,know,who,ms,0
172.56.16.204,online,MS-who,dinner party,know,who,ms,0
172.56.16.204,online,MS-who,hospital,know,who,ms,1
164.67.237.91,online,MS-who,dinner party,know,who,ms,0
164.67.237.91,online,MS-who,hospital,know,who,ms,1
173.79.59.181,online,MS-who,dinner party,know,who,ms,0
173.79.59.181,online,MS-who,hospital,know,who,ms,0
73.242.55.235,online,MS-who,dinner party,know,who,ms,0
73.242.55.235,online,MS-who,hospital,know,who,ms,0
147.222.216.116,online,MS-who,dinner party,know,who,ms,1
147.222.216.116,online,MS-who,hospital,know,who,ms,1
12.167.141.60,online,MS-who,dinner party,know,who,ms,1
12.167.141.60,online,MS-who,hospital,know,who,ms,1
136.160.90.3,online,MS-who,dinner party,know,who,ms,1
136.160.90.3,online,MS-who,hospital,know,who,ms,1
67.84.43.204,online,MS-who,dinner party,know,who,ms,0
67.84.43.204,online,MS-who,hospital,know,who,ms,0
50.32.254.161,online,MS-who,dinner party,know,who,ms,0
50.32.254.161,online,MS-who,hospital,know,who,ms,0
167.219.88.140,online,MS-who,dinner party,know,who,ms,0
167.219.88.140,online,MS-who,hospital,know,who,ms,1
68.170.94.47,online,MS-who,dinner party,know,who,ms,0
68.170.94.47,online,MS-who,hospital,know,who,ms,0
162.239.1.6,online,MS-who,dinner party,know,who,ms,1
162.239.1.6,online,MS-who,hospital,know,who,ms,0
73.182.225.53,online,MS-who,dinner party,know,who,ms,0
73.182.225.53,online,MS-who,hospital,know,who,ms,0
192.231.177.29,online,MS-who,dinner party,know,who,ms,0
192.231.177.29,online,MS-who,hospital,know,who,ms,0
73.200.22.97,online,MS-who,dinner party,know,who,ms,0
73.200.22.97,online,MS-who,hospital,know,who,ms,0