subject,age,trial,order,noun,knowledge,report,response
22,adult,broccoli,1,bp,p,ms,0
23,adult,broccoli,1,bp,p,ms,1
24,adult,broccoli,1,bp,p,ms,1
25,adult,broccoli,1,bp,p,ms,1
26,adult,broccoli,1,bp,p,ms,1
27,adult,broccoli,1,bp,p,ms,1
28,adult,broccoli,1,bp,p,ms,1
29,adult,broccoli,1,bp,p,ms,0
30,adult,broccoli,1,bp,p,ms,1
31,adult,broccoli,1,bp,p,ms,1
42,adult,broccoli,1,dd,p,ms,1
46,adult,broccoli,1,dd,p,ms,1
47,adult,broccoli,1,dd,p,ms,1
48,adult,broccoli,1,dd,p,ms,1
49,adult,broccoli,1,dd,p,ms,1
52,adult,broccoli,1,dd,p,ms,1
54,adult,broccoli,1,dd,p,ms,1
56,adult,broccoli,1,dd,p,ms,1
57,adult,broccoli,1,dd,p,ms,0
58,adult,broccoli,1,dd,p,ms,1
50,adult,broccoli,2,dd,p,ms,0
51,adult,broccoli,2,dd,p,ms,0
53,adult,broccoli,2,dd,p,ms,1
55,adult,broccoli,2,dd,p,ms,1
59,adult,broccoli,2,dd,p,ms,1
62,adult,broccoli,2,dd,p,ms,1
63,adult,broccoli,2,dd,p,ms,0
67,adult,broccoli,2,dd,p,ms,0
68,adult,broccoli,2,dd,p,ms,0
69,adult,broccoli,2,dd,p,ms,0
32,adult,broccoli,2,bp,p,ms,0
33,adult,broccoli,2,bp,p,ms,0
34,adult,broccoli,2,bp,p,ms,0
35,adult,broccoli,2,bp,p,ms,0
36,adult,broccoli,2,bp,p,ms,1
37,adult,broccoli,2,bp,p,ms,1
38,adult,broccoli,2,bp,p,ms,1
39,adult,broccoli,2,bp,p,ms,1
40,adult,broccoli,2,bp,p,ms,0
41,adult,broccoli,2,bp,p,ms,1
22,adult,skirts,1,bp,p,ms,1
23,adult,skirts,1,bp,p,ms,1
24,adult,skirts,1,bp,p,ms,1
25,adult,skirts,1,bp,p,ms,1
26,adult,skirts,1,bp,p,ms,1
27,adult,skirts,1,bp,p,ms,1
28,adult,skirts,1,bp,p,ms,1
29,adult,skirts,1,bp,p,ms,0
30,adult,skirts,1,bp,p,ms,1
31,adult,skirts,1,bp,p,ms,1
42,adult,skirts,1,dd,p,ms,1
46,adult,skirts,1,dd,p,ms,1
47,adult,skirts,1,dd,p,ms,1
48,adult,skirts,1,dd,p,ms,1
49,adult,skirts,1,dd,p,ms,1
52,adult,skirts,1,dd,p,ms,1
54,adult,skirts,1,dd,p,ms,0
56,adult,skirts,1,dd,p,ms,1
57,adult,skirts,1,dd,p,ms,0
58,adult,skirts,1,dd,p,ms,1
50,adult,skirts,2,dd,p,ms,0
51,adult,skirts,2,dd,p,ms,0
53,adult,skirts,2,dd,p,ms,1
55,adult,skirts,2,dd,p,ms,1
59,adult,skirts,2,dd,p,ms,1
62,adult,skirts,2,dd,p,ms,1
63,adult,skirts,2,dd,p,ms,0
67,adult,skirts,2,dd,p,ms,0
68,adult,skirts,2,dd,p,ms,0
69,adult,skirts,2,dd,p,ms,0
32,adult,skirts,2,bp,p,ms,0
33,adult,skirts,2,bp,p,ms,1
34,adult,skirts,2,bp,p,ms,0
35,adult,skirts,2,bp,p,ms,0
36,adult,skirts,2,bp,p,ms,1
37,adult,skirts,2,bp,p,ms,1
38,adult,skirts,2,bp,p,ms,1
39,adult,skirts,2,bp,p,ms,1
40,adult,skirts,2,bp,p,ms,0
41,adult,skirts,2,bp,p,ms,1
22,adult,strawberries,1,bp,f,ms,1
23,adult,strawberries,1,bp,f,ms,1
24,adult,strawberries,1,bp,f,ms,1
25,adult,strawberries,1,bp,f,ms,1
26,adult,strawberries,1,bp,f,ms,1
27,adult,strawberries,1,bp,f,ms,1
28,adult,strawberries,1,bp,f,ms,1
29,adult,strawberries,1,bp,f,ms,0
30,adult,strawberries,1,bp,f,ms,1
31,adult,strawberries,1,bp,f,ms,1
42,adult,strawberries,1,dd,f,ms,1
46,adult,strawberries,1,dd,f,ms,1
47,adult,strawberries,1,dd,f,ms,1
48,adult,strawberries,1,dd,f,ms,1
49,adult,strawberries,1,dd,f,ms,1
52,adult,strawberries,1,dd,f,ms,1
54,adult,strawberries,1,dd,f,ms,1
56,adult,strawberries,1,dd,f,ms,1
57,adult,strawberries,1,dd,f,ms,0
58,adult,strawberries,1,dd,f,ms,1
50,adult,strawberries,2,dd,f,ms,0
51,adult,strawberries,2,dd,f,ms,0
53,adult,strawberries,2,dd,f,ms,1
55,adult,strawberries,2,dd,f,ms,1
59,adult,strawberries,2,dd,f,ms,1
62,adult,strawberries,2,dd,f,ms,1
63,adult,strawberries,2,dd,f,ms,0
67,adult,strawberries,2,dd,f,ms,1
68,adult,strawberries,2,dd,f,ms,0
69,adult,strawberries,2,dd,f,ms,0
32,adult,strawberries,2,bp,f,ms,0
33,adult,strawberries,2,bp,f,ms,1
34,adult,strawberries,2,bp,f,ms,0
35,adult,strawberries,2,bp,f,ms,0
36,adult,strawberries,2,bp,f,ms,0
37,adult,strawberries,2,bp,f,ms,1
38,adult,strawberries,2,bp,f,ms,1
39,adult,strawberries,2,bp,f,ms,1
41,adult,strawberries,2,bp,f,ms,1
41,adult,strawberries,2,bp,f,ms,1
22,adult,guitars,1,bp,f,t+f,0
23,adult,guitars,1,bp,f,t+f,0
24,adult,guitars,1,bp,f,t+f,0
25,adult,guitars,1,bp,f,t+f,0
26,adult,guitars,1,bp,f,t+f,1
27,adult,guitars,1,bp,f,t+f,1
28,adult,guitars,1,bp,f,t+f,0
29,adult,guitars,1,bp,f,t+f,0
30,adult,guitars,1,bp,f,t+f,1
31,adult,guitars,1,bp,f,t+f,0
42,adult,guitars,1,dd,f,t+f,1
46,adult,guitars,1,dd,f,t+f,0
47,adult,guitars,1,dd,f,t+f,1
48,adult,guitars,1,dd,f,t+f,0
49,adult,guitars,1,dd,f,t+f,0
52,adult,guitars,1,dd,f,t+f,0
54,adult,guitars,1,dd,f,t+f,1
56,adult,guitars,1,dd,f,t+f,0
57,adult,guitars,1,dd,f,t+f,0
58,adult,guitars,1,dd,f,t+f,0
50,adult,guitars,2,dd,f,t+f,0
51,adult,guitars,2,dd,f,t+f,0
53,adult,guitars,2,dd,f,t+f,1
55,adult,guitars,2,dd,f,t+f,1
59,adult,guitars,2,dd,f,t+f,0
62,adult,guitars,2,dd,f,t+f,0
63,adult,guitars,2,dd,f,t+f,0
67,adult,guitars,2,dd,f,t+f,0
68,adult,guitars,2,dd,f,t+f,1
69,adult,guitars,2,dd,f,t+f,0
32,adult,guitars,2,bp,f,t+f,0
33,adult,guitars,2,bp,f,t+f,1
34,adult,guitars,2,bp,f,t+f,0
35,adult,guitars,2,bp,f,t+f,0
36,adult,guitars,2,bp,f,t+f,0
37,adult,guitars,2,bp,f,t+f,1
38,adult,guitars,2,bp,f,t+f,0
39,adult,guitars,2,bp,f,t+f,1
40,adult,guitars,2,bp,f,t+f,0
41,adult,guitars,2,bp,f,t+f,1
22,adult,trucks,1,bp,p,t+f,0
23,adult,trucks,1,bp,p,t+f,0
24,adult,trucks,1,bp,p,t+f,0
25,adult,trucks,1,bp,p,t+f,0
26,adult,trucks,1,bp,p,t+f,1
27,adult,trucks,1,bp,p,t+f,1
28,adult,trucks,1,bp,p,t+f,0
29,adult,trucks,1,bp,p,t+f,0
30,adult,trucks,1,bp,p,t+f,0
31,adult,trucks,1,bp,p,t+f,0
42,adult,trucks,1,dd,p,t+f,1
46,adult,trucks,1,dd,p,t+f,0
47,adult,trucks,1,dd,p,t+f,0
48,adult,trucks,1,dd,p,t+f,0
49,adult,trucks,1,dd,p,t+f,0
52,adult,trucks,1,dd,p,t+f,0
54,adult,trucks,1,dd,p,t+f,0
56,adult,trucks,1,dd,p,t+f,0
57,adult,trucks,1,dd,p,t+f,0
58,adult,trucks,1,dd,p,t+f,0
50,adult,trucks,2,dd,p,t+f,0
51,adult,trucks,2,dd,p,t+f,0
53,adult,trucks,2,dd,p,t+f,0
55,adult,trucks,2,dd,p,t+f,0
59,adult,trucks,2,dd,p,t+f,0
62,adult,trucks,2,dd,p,t+f,0
63,adult,trucks,2,dd,p,t+f,0
67,adult,trucks,2,dd,p,t+f,0
68,adult,trucks,2,dd,p,t+f,0
69,adult,trucks,2,dd,p,t+f,0
32,adult,trucks,2,bp,p,t+f,0
33,adult,trucks,2,bp,p,t+f,0
34,adult,trucks,2,bp,p,t+f,0
35,adult,trucks,2,bp,p,t+f,0
36,adult,trucks,2,bp,p,t+f,0
37,adult,trucks,2,bp,p,t+f,0
38,adult,trucks,2,bp,p,t+f,0
39,adult,trucks,2,bp,p,t+f,1
40,adult,trucks,2,bp,p,t+f,0
41,adult,trucks,2,bp,p,t+f,1
22,adult,books,1,bp,f,tc,1
23,adult,books,1,bp,f,tc,1
24,adult,books,1,bp,f,tc,1
25,adult,books,1,bp,f,tc,1
26,adult,books,1,bp,f,tc,1
27,adult,books,1,bp,f,tc,1
28,adult,books,1,bp,f,tc,1
29,adult,books,1,bp,f,tc,1
30,adult,books,1,bp,f,tc,1
31,adult,books,1,bp,f,tc,1
42,adult,books,1,dd,f,tc,1
46,adult,books,1,dd,f,tc,1
47,adult,books,1,dd,f,tc,1
48,adult,books,1,dd,f,tc,1
49,adult,books,1,dd,f,tc,1
52,adult,books,1,dd,f,tc,1
54,adult,books,1,dd,f,tc,1
56,adult,books,1,dd,f,tc,1
57,adult,books,1,dd,f,tc,1
58,adult,books,1,dd,f,tc,1
50,adult,books,2,dd,f,tc,1
51,adult,books,2,dd,f,tc,1
53,adult,books,2,dd,f,tc,1
55,adult,books,2,dd,f,tc,1
59,adult,books,2,dd,f,tc,1
62,adult,books,2,dd,f,tc,1
63,adult,books,2,dd,f,tc,1
67,adult,books,2,dd,f,tc,1
68,adult,books,2,dd,f,tc,1
69,adult,books,2,dd,f,tc,1
32,adult,books,2,bp,f,tc,1
33,adult,books,2,bp,f,tc,1
34,adult,books,2,bp,f,tc,1
35,adult,books,2,bp,f,tc,1
36,adult,books,2,bp,f,tc,1
37,adult,books,2,bp,f,tc,1
38,adult,books,2,bp,f,tc,1
39,adult,books,2,bp,f,tc,1
40,adult,books,2,bp,f,tc,1
41,adult,books,2,bp,f,tc,1
22,adult,cats,1,bp,p,tc,1
23,adult,cats,1,bp,p,tc,1
24,adult,cats,1,bp,p,tc,1
25,adult,cats,1,bp,p,tc,1
26,adult,cats,1,bp,p,tc,0
27,adult,cats,1,bp,p,tc,1
28,adult,cats,1,bp,p,tc,1
29,adult,cats,1,bp,p,tc,1
30,adult,cats,1,bp,p,tc,1
31,adult,cats,1,bp,p,tc,1
42,adult,cats,1,dd,p,tc,1
46,adult,cats,1,dd,p,tc,1
47,adult,cats,1,dd,p,tc,1
48,adult,cats,1,dd,p,tc,1
49,adult,cats,1,dd,p,tc,1
52,adult,cats,1,dd,p,tc,1
54,adult,cats,1,dd,p,tc,1
56,adult,cats,1,dd,p,tc,1
57,adult,cats,1,dd,p,tc,1
58,adult,cats,1,dd,p,tc,1
50,adult,cats,2,dd,p,tc,1
51,adult,cats,2,dd,p,tc,1
53,adult,cats,2,dd,p,tc,1
55,adult,cats,2,dd,p,tc,1
59,adult,cats,2,dd,p,tc,1
62,adult,cats,2,dd,p,tc,1
63,adult,cats,2,dd,p,tc,1
67,adult,cats,2,dd,p,tc,1
68,adult,cats,2,dd,p,tc,1
69,adult,cats,2,dd,p,tc,1
32,adult,cats,2,bp,p,tc,1
33,adult,cats,2,bp,p,tc,1
34,adult,cats,2,bp,p,tc,1
35,adult,cats,2,bp,p,tc,1
36,adult,cats,2,bp,p,tc,1
37,adult,cats,2,bp,p,tc,1
38,adult,cats,2,bp,p,tc,1
39,adult,cats,2,bp,p,tc,1
40,adult,cats,2,bp,p,tc,1
41,adult,cats,2,bp,p,tc,1
22,adult,flowers,1,bp,f,tc,1
23,adult,flowers,1,bp,f,tc,1
24,adult,flowers,1,bp,f,tc,1
25,adult,flowers,1,bp,f,tc,1
26,adult,flowers,1,bp,f,tc,1
27,adult,flowers,1,bp,f,tc,1
28,adult,flowers,1,bp,f,tc,1
29,adult,flowers,1,bp,f,tc,1
30,adult,flowers,1,bp,f,tc,1
31,adult,flowers,1,bp,f,tc,1
42,adult,flowers,1,dd,f,tc,1
46,adult,flowers,1,dd,f,tc,1
47,adult,flowers,1,dd,f,tc,1
48,adult,flowers,1,dd,f,tc,1
49,adult,flowers,1,dd,f,tc,1
52,adult,flowers,1,dd,f,tc,1
54,adult,flowers,1,dd,f,tc,1
56,adult,flowers,1,dd,f,tc,1
57,adult,flowers,1,dd,f,tc,1
58,adult,flowers,1,dd,f,tc,1
50,adult,flowers,2,dd,f,tc,1
51,adult,flowers,2,dd,f,tc,1
53,adult,flowers,2,dd,f,tc,1
55,adult,flowers,2,dd,f,tc,1
59,adult,flowers,2,dd,f,tc,1
62,adult,flowers,2,dd,f,tc,1
63,adult,flowers,2,dd,f,tc,1
67,adult,flowers,2,dd,f,tc,1
68,adult,flowers,2,dd,f,tc,1
69,adult,flowers,2,dd,f,tc,1
32,adult,flowers,2,bp,f,tc,1
33,adult,flowers,2,bp,f,tc,1
34,adult,flowers,2,bp,f,tc,1
35,adult,flowers,2,bp,f,tc,1
36,adult,flowers,2,bp,f,tc,1
37,adult,flowers,2,bp,f,tc,1
38,adult,flowers,2,bp,f,tc,1
39,adult,flowers,2,bp,f,tc,1
40,adult,flowers,2,bp,f,tc,0
41,adult,flowers,2,bp,f,tc,1
22,adult,hats,1,bp,f,tc,1
23,adult,hats,1,bp,f,tc,1
24,adult,hats,1,bp,f,tc,1
25,adult,hats,1,bp,f,tc,1
26,adult,hats,1,bp,f,tc,1
27,adult,hats,1,bp,f,tc,1
28,adult,hats,1,bp,f,tc,1
29,adult,hats,1,bp,f,tc,1
30,adult,hats,1,bp,f,tc,1
31,adult,hats,1,bp,f,tc,1
42,adult,hats,1,dd,f,tc,1
46,adult,hats,1,dd,f,tc,1
47,adult,hats,1,dd,f,tc,1
48,adult,hats,1,dd,f,tc,1
49,adult,hats,1,dd,f,tc,1
52,adult,hats,1,dd,f,tc,1
54,adult,hats,1,dd,f,tc,1
56,adult,hats,1,dd,f,tc,1
57,adult,hats,1,dd,f,tc,1
58,adult,hats,1,dd,f,tc,1
50,adult,hats,2,dd,f,tc,1
51,adult,hats,2,dd,f,tc,1
53,adult,hats,2,dd,f,tc,1
55,adult,hats,2,dd,f,tc,1
59,adult,hats,2,dd,f,tc,1
62,adult,hats,2,dd,f,tc,1
63,adult,hats,2,dd,f,tc,1
67,adult,hats,2,dd,f,tc,1
68,adult,hats,2,dd,f,tc,1
69,adult,hats,2,dd,f,tc,1
32,adult,hats,2,bp,f,tc,1
33,adult,hats,2,bp,f,tc,0
34,adult,hats,2,bp,f,tc,1
35,adult,hats,2,bp,f,tc,1
36,adult,hats,2,bp,f,tc,1
37,adult,hats,2,bp,f,tc,1
38,adult,hats,2,bp,f,tc,1
39,adult,hats,2,bp,f,tc,1
40,adult,hats,2,bp,f,tc,1
41,adult,hats,2,bp,f,tc,1
22,adult,pencils,1,bp,f,tc,1
23,adult,pencils,1,bp,f,tc,1
24,adult,pencils,1,bp,f,tc,1
25,adult,pencils,1,bp,f,tc,1
26,adult,pencils,1,bp,f,tc,1
27,adult,pencils,1,bp,f,tc,1
28,adult,pencils,1,bp,f,tc,1
29,adult,pencils,1,bp,f,tc,1
30,adult,pencils,1,bp,f,tc,1
31,adult,pencils,1,bp,f,tc,1
42,adult,pencils,1,dd,f,tc,1
46,adult,pencils,1,dd,f,tc,1
47,adult,pencils,1,dd,f,tc,1
48,adult,pencils,1,dd,f,tc,1
49,adult,pencils,1,dd,f,tc,1
52,adult,pencils,1,dd,f,tc,1
54,adult,pencils,1,dd,f,tc,1
56,adult,pencils,1,dd,f,tc,1
57,adult,pencils,1,dd,f,tc,1
58,adult,pencils,1,dd,f,tc,1
50,adult,pencils,2,dd,f,tc,1
51,adult,pencils,2,dd,f,tc,1
53,adult,pencils,2,dd,f,tc,1
55,adult,pencils,2,dd,f,tc,1
59,adult,pencils,2,dd,f,tc,1
62,adult,pencils,2,dd,f,tc,1
63,adult,pencils,2,dd,f,tc,1
67,adult,pencils,2,dd,f,tc,1
68,adult,pencils,2,dd,f,tc,1
69,adult,pencils,2,dd,f,tc,1
32,adult,pencils,2,bp,f,tc,1
33,adult,pencils,2,bp,f,tc,1
34,adult,pencils,2,bp,f,tc,1
35,adult,pencils,2,bp,f,tc,1
36,adult,pencils,2,bp,f,tc,1
37,adult,pencils,2,bp,f,tc,1
38,adult,pencils,2,bp,f,tc,1
39,adult,pencils,2,bp,f,tc,1
40,adult,pencils,2,bp,f,tc,1
41,adult,pencils,2,bp,f,tc,1
22,adult,socks,1,bp,f,fc,0
23,adult,socks,1,bp,f,fc,0
24,adult,socks,1,bp,f,fc,0
25,adult,socks,1,bp,f,fc,0
26,adult,socks,1,bp,f,fc,0
27,adult,socks,1,bp,f,fc,0
28,adult,socks,1,bp,f,fc,0
29,adult,socks,1,bp,f,fc,0
30,adult,socks,1,bp,f,fc,0
31,adult,socks,1,bp,f,fc,1
42,adult,socks,1,dd,f,fc,0
46,adult,socks,1,dd,f,fc,0
47,adult,socks,1,dd,f,fc,0
48,adult,socks,1,dd,f,fc,0
49,adult,socks,1,dd,f,fc,0
52,adult,socks,1,dd,f,fc,0
54,adult,socks,1,dd,f,fc,0
56,adult,socks,1,dd,f,fc,0
57,adult,socks,1,dd,f,fc,0
58,adult,socks,1,dd,f,fc,0
50,adult,socks,2,dd,f,fc,0
51,adult,socks,2,dd,f,fc,0
53,adult,socks,2,dd,f,fc,0
55,adult,socks,2,dd,f,fc,0
59,adult,socks,2,dd,f,fc,0
62,adult,socks,2,dd,f,fc,0
63,adult,socks,2,dd,f,fc,0
67,adult,socks,2,dd,f,fc,0
68,adult,socks,2,dd,f,fc,0
69,adult,socks,2,dd,f,fc,0
32,adult,socks,2,bp,f,fc,0
33,adult,socks,2,bp,f,fc,0
34,adult,socks,2,bp,f,fc,0
35,adult,socks,2,bp,f,fc,0
36,adult,socks,2,bp,f,fc,0
37,adult,socks,2,bp,f,fc,0
38,adult,socks,2,bp,f,fc,0
39,adult,socks,2,bp,f,fc,0
40,adult,socks,2,bp,f,fc,0
41,adult,socks,2,bp,f,fc,1
4,child,books,1,bp,f,tc,1
5,child,books,1,bp,f,tc,1
6,child,books,1,bp,f,tc,1
7,child,books,1,bp,f,tc,1
8,child,books,1,bp,f,tc,1
9,child,books,1,bp,f,tc,1
10,child,books,1,bp,f,tc,1
11,child,books,1,dd,f,tc,1
12,child,books,1,dd,f,tc,1
13,child,books,1,dd,f,tc,1
14,child,books,1,dd,f,tc,1
15,child,books,1,dd,f,tc,1
16,child,books,1,dd,f,tc,1
17,child,books,2,bp,f,tc,1
18,child,books,2,bp,f,tc,1
19,child,books,2,bp,f,tc,1
20,child,books,2,bp,f,tc,1
21,child,books,2,bp,f,tc,1
22,child,books,2,dd,f,tc,1
23,child,books,2,dd,f,tc,1
24,child,books,1,dd,f,tc,1
25,child,books,1,dd,f,tc,1
26,child,books,2,dd,f,tc,1
27,child,books,1,dd,f,tc,1
28,child,books,2,dd,f,tc,1
29,child,books,2,dd,f,tc,1
30,child,books,2,dd,f,tc,1
31,child,books,2,bp,f,tc,1
32,child,books,2,bp,f,tc,1
33,child,books,2,bp,f,tc,1
34,child,books,1,dd,f,tc,1
35,child,books,2,dd,f,tc,1
36,child,books,2,dd,f,tc,1
37,child,books,1,bp,f,tc,1
38,child,books,1,bp,f,tc,1
39,child,books,2,bp,f,tc,1
40,child,books,2,bp,f,tc,1
41,child,books,2,dd,f,tc,1
42,child,books,2,dd,f,tc,1
43,child,books,2,dd,f,tc,1
4,child,broccoli,1,bp,p,ms,1
5,child,broccoli,1,bp,p,ms,1
6,child,broccoli,1,bp,p,ms,0
7,child,broccoli,1,bp,p,ms,1
8,child,broccoli,1,bp,p,ms,1
9,child,broccoli,1,bp,p,ms,1
10,child,broccoli,1,bp,p,ms,1
11,child,broccoli,1,dd,p,ms,1
12,child,broccoli,1,dd,p,ms,1
13,child,broccoli,1,dd,p,ms,1
14,child,broccoli,1,dd,p,ms,1
15,child,broccoli,1,dd,p,ms,1
16,child,broccoli,1,dd,p,ms,1
17,child,broccoli,2,bp,p,ms,1
18,child,broccoli,2,bp,p,ms,1
19,child,broccoli,2,bp,p,ms,0
20,child,broccoli,2,bp,p,ms,0
21,child,broccoli,2,bp,p,ms,1
22,child,broccoli,2,dd,p,ms,1
23,child,broccoli,2,dd,p,ms,1
24,child,broccoli,1,dd,p,ms,1
25,child,broccoli,1,dd,p,ms,1
26,child,broccoli,2,dd,p,ms,1
27,child,broccoli,1,dd,p,ms,1
28,child,broccoli,2,dd,p,ms,1
29,child,broccoli,2,dd,p,ms,0
30,child,broccoli,2,dd,p,ms,0
31,child,broccoli,2,bp,p,ms,1
32,child,broccoli,2,bp,p,ms,1
33,child,broccoli,2,bp,p,ms,0
34,child,broccoli,1,dd,p,ms,1
35,child,broccoli,2,dd,p,ms,1
36,child,broccoli,2,dd,p,ms,0
37,child,broccoli,1,bp,p,ms,1
38,child,broccoli,1,bp,p,ms,1
39,child,broccoli,2,bp,p,ms,1
40,child,broccoli,2,bp,p,ms,1
41,child,broccoli,2,dd,p,ms,1
42,child,broccoli,2,dd,p,ms,0
43,child,broccoli,2,dd,p,ms,0
4,child,cats,1,bp,f,tc,1
5,child,cats,1,bp,f,tc,1
6,child,cats,1,bp,f,tc,1
7,child,cats,1,bp,f,tc,1
8,child,cats,1,bp,f,tc,1
9,child,cats,1,bp,f,tc,1
10,child,cats,1,bp,f,tc,1
11,child,cats,1,dd,f,tc,1
12,child,cats,1,dd,f,tc,1
13,child,cats,1,dd,f,tc,1
14,child,cats,1,dd,f,tc,1
15,child,cats,1,dd,f,tc,1
16,child,cats,1,dd,f,tc,1
17,child,cats,2,bp,f,tc,1
18,child,cats,2,bp,f,tc,1
19,child,cats,2,bp,f,tc,1
20,child,cats,2,bp,f,tc,1
21,child,cats,2,bp,f,tc,1
22,child,cats,2,dd,f,tc,1
23,child,cats,2,dd,f,tc,1
24,child,cats,1,dd,f,tc,1
25,child,cats,1,dd,f,tc,1
26,child,cats,2,dd,f,tc,1
27,child,cats,1,dd,f,tc,1
28,child,cats,2,dd,f,tc,1
29,child,cats,2,dd,f,tc,1
30,child,cats,2,dd,f,tc,1
31,child,cats,2,bp,f,tc,1
32,child,cats,2,bp,f,tc,1
33,child,cats,2,bp,f,tc,0
34,child,cats,1,dd,f,tc,1
35,child,cats,2,dd,f,tc,1
36,child,cats,2,dd,f,tc,1
37,child,cats,1,bp,f,tc,1
38,child,cats,1,bp,f,tc,1
39,child,cats,2,bp,f,tc,1
40,child,cats,2,bp,f,tc,1
41,child,cats,2,dd,f,tc,1
42,child,cats,2,dd,f,tc,1
43,child,cats,2,dd,f,tc,1
4,child,flowers,1,bp,f,tc,1
5,child,flowers,1,bp,f,tc,1
6,child,flowers,1,bp,f,tc,1
7,child,flowers,1,bp,f,tc,1
8,child,flowers,1,bp,f,tc,1
9,child,flowers,1,bp,f,tc,1
10,child,flowers,1,bp,f,tc,1
11,child,flowers,1,dd,f,tc,1
12,child,flowers,1,dd,f,tc,1
13,child,flowers,1,dd,f,tc,1
14,child,flowers,1,dd,f,tc,1
15,child,flowers,1,dd,f,tc,1
16,child,flowers,1,dd,f,tc,1
17,child,flowers,2,bp,f,tc,1
18,child,flowers,2,bp,f,tc,0
19,child,flowers,2,bp,f,tc,1
20,child,flowers,2,bp,f,tc,1
21,child,flowers,2,bp,f,tc,1
22,child,flowers,2,dd,f,tc,1
23,child,flowers,2,dd,f,tc,1
24,child,flowers,1,dd,f,tc,1
25,child,flowers,1,dd,f,tc,1
26,child,flowers,2,dd,f,tc,1
27,child,flowers,1,dd,f,tc,1
28,child,flowers,2,dd,f,tc,1
29,child,flowers,2,dd,f,tc,1
30,child,flowers,2,dd,f,tc,1
31,child,flowers,2,bp,f,tc,1
32,child,flowers,2,bp,f,tc,1
33,child,flowers,2,bp,f,tc,1
34,child,flowers,1,dd,f,tc,1
35,child,flowers,2,dd,f,tc,1
36,child,flowers,2,dd,f,tc,1
37,child,flowers,1,bp,f,tc,1
38,child,flowers,1,bp,f,tc,1
39,child,flowers,2,bp,f,tc,1
40,child,flowers,2,bp,f,tc,1
41,child,flowers,2,dd,f,tc,1
42,child,flowers,2,dd,f,tc,1
43,child,flowers,2,dd,f,tc,1
4,child,guitars,1,bp,f,t+f,0
5,child,guitars,1,bp,f,t+f,1
6,child,guitars,1,bp,f,t+f,0
7,child,guitars,1,bp,f,t+f,2
8,child,guitars,1,bp,f,t+f,2
9,child,guitars,1,bp,f,t+f,0
10,child,guitars,1,bp,f,t+f,1
11,child,guitars,1,dd,f,t+f,3
12,child,guitars,1,dd,f,t+f,1
13,child,guitars,1,dd,f,t+f,2
14,child,guitars,1,dd,f,t+f,1
15,child,guitars,1,dd,f,t+f,1
16,child,guitars,1,dd,f,t+f,0
17,child,guitars,2,bp,f,t+f,1
18,child,guitars,2,bp,f,t+f,0
19,child,guitars,2,bp,f,t+f,1
20,child,guitars,2,bp,f,t+f,1
21,child,guitars,2,bp,f,t+f,0
22,child,guitars,2,dd,f,t+f,1
23,child,guitars,2,dd,f,t+f,2
24,child,guitars,1,dd,f,t+f,0
25,child,guitars,1,dd,f,t+f,1
26,child,guitars,2,dd,f,t+f,1
27,child,guitars,1,dd,f,t+f,3
28,child,guitars,2,dd,f,t+f,0
29,child,guitars,2,dd,f,t+f,0
30,child,guitars,2,dd,f,t+f,3
31,child,guitars,2,bp,f,t+f,1
32,child,guitars,2,bp,f,t+f,1
33,child,guitars,2,bp,f,t+f,0
34,child,guitars,1,dd,f,t+f,0
35,child,guitars,2,dd,f,t+f,1
36,child,guitars,2,dd,f,t+f,0
37,child,guitars,1,bp,f,t+f,2
38,child,guitars,1,bp,f,t+f,1
39,child,guitars,2,bp,f,t+f,1
40,child,guitars,2,bp,f,t+f,3
41,child,guitars,2,dd,f,t+f,1
42,child,guitars,2,dd,f,t+f,0
43,child,guitars,2,dd,f,t+f,0
4,child,hats,1,bp,f,tc,1
5,child,hats,1,bp,f,tc,1
6,child,hats,1,bp,f,tc,1
7,child,hats,1,bp,f,tc,1
8,child,hats,1,bp,f,tc,1
9,child,hats,1,bp,f,tc,0
10,child,hats,1,bp,f,tc,1
11,child,hats,1,dd,f,tc,1
12,child,hats,1,dd,f,tc,1
13,child,hats,1,dd,f,tc,1
14,child,hats,1,dd,f,tc,1
15,child,hats,1,dd,f,tc,1
16,child,hats,1,dd,f,tc,1
17,child,hats,2,bp,f,fc,0
18,child,hats,2,bp,f,fc,1
19,child,hats,2,bp,f,fc,1
20,child,hats,2,bp,f,fc,0
21,child,hats,2,bp,f,fc,0
22,child,hats,2,dd,f,fc,1
23,child,hats,2,dd,f,fc,2
24,child,hats,1,dd,f,tc,1
25,child,hats,1,dd,f,tc,1
26,child,hats,2,dd,f,fc,0
27,child,hats,1,dd,f,tc,1
28,child,hats,2,dd,f,fc,1
29,child,hats,2,dd,f,fc,0
30,child,hats,2,dd,f,fc,0
31,child,hats,2,bp,f,fc,1
32,child,hats,2,bp,f,fc,1
33,child,hats,2,bp,f,fc,0
34,child,hats,1,dd,f,tc,1
35,child,hats,2,dd,f,fc,0
36,child,hats,2,dd,f,fc,1
37,child,hats,1,bp,f,tc,1
38,child,hats,1,bp,f,tc,1
39,child,hats,2,bp,f,fc,1
40,child,hats,2,bp,f,fc,0
41,child,hats,2,dd,f,fc,0
42,child,hats,2,dd,f,fc,0
43,child,hats,2,dd,f,fc,1
4,child,pencils,1,bp,f,tc,1
5,child,pencils,1,bp,f,tc,1
6,child,pencils,1,bp,f,tc,1
7,child,pencils,1,bp,f,tc,1
8,child,pencils,1,bp,f,tc,1
9,child,pencils,1,bp,f,tc,1
10,child,pencils,1,bp,f,tc,1
11,child,pencils,1,dd,f,tc,1
12,child,pencils,1,dd,f,tc,1
13,child,pencils,1,dd,f,tc,1
14,child,pencils,1,dd,f,tc,1
15,child,pencils,1,dd,f,tc,1
16,child,pencils,1,dd,f,tc,1
17,child,pencils,2,bp,f,tc,1
18,child,pencils,2,bp,f,tc,1
19,child,pencils,2,bp,f,tc,1
20,child,pencils,2,bp,f,tc,1
21,child,pencils,2,bp,f,tc,1
22,child,pencils,2,dd,f,tc,1
23,child,pencils,2,dd,f,tc,1
24,child,pencils,1,dd,f,tc,1
25,child,pencils,1,dd,f,tc,1
26,child,pencils,2,dd,f,tc,1
27,child,pencils,1,dd,f,tc,1
28,child,pencils,2,dd,f,tc,1
29,child,pencils,2,dd,f,tc,1
30,child,pencils,2,dd,f,tc,1
31,child,pencils,2,bp,f,tc,1
32,child,pencils,2,bp,f,tc,1
33,child,pencils,2,bp,f,tc,0
34,child,pencils,1,dd,f,tc,1
35,child,pencils,2,dd,f,tc,1
36,child,pencils,2,dd,f,tc,1
37,child,pencils,1,bp,f,tc,1
38,child,pencils,1,bp,f,tc,1
39,child,pencils,2,bp,f,tc,1
40,child,pencils,2,bp,f,tc,1
41,child,pencils,2,dd,f,tc,1
42,child,pencils,2,dd,f,tc,1
43,child,pencils,2,dd,f,tc,1
4,child,skirts,1,bp,p,ms,1
5,child,skirts,1,bp,p,ms,1
6,child,skirts,1,bp,p,ms,1
7,child,skirts,1,bp,p,ms,1
8,child,skirts,1,bp,p,ms,1
9,child,skirts,1,bp,p,ms,0
10,child,skirts,1,bp,p,ms,1
11,child,skirts,1,dd,p,ms,1
12,child,skirts,1,dd,p,ms,1
13,child,skirts,1,dd,p,ms,1
14,child,skirts,1,dd,p,ms,1
15,child,skirts,1,dd,p,ms,1
16,child,skirts,1,dd,p,ms,1
17,child,skirts,2,bp,p,ms,1
18,child,skirts,2,bp,p,ms,1
19,child,skirts,2,bp,p,ms,1
20,child,skirts,2,bp,p,ms,1
21,child,skirts,2,bp,p,ms,1
22,child,skirts,2,dd,p,ms,1
23,child,skirts,2,dd,p,ms,1
24,child,skirts,1,dd,p,ms,1
25,child,skirts,1,dd,p,ms,1
26,child,skirts,2,dd,p,ms,1
27,child,skirts,1,dd,p,ms,1
28,child,skirts,2,dd,p,ms,1
29,child,skirts,2,dd,p,ms,1
30,child,skirts,2,dd,p,ms,1
31,child,skirts,2,bp,p,ms,1
32,child,skirts,2,bp,p,ms,1
33,child,skirts,2,bp,p,ms,0
34,child,skirts,1,dd,p,ms,0
35,child,skirts,2,dd,p,ms,1
36,child,skirts,2,dd,p,ms,0
37,child,skirts,1,bp,p,ms,1
38,child,skirts,1,bp,p,ms,1
39,child,skirts,2,bp,p,ms,1
40,child,skirts,2,bp,p,ms,3
41,child,skirts,2,dd,p,ms,1
42,child,skirts,2,dd,p,ms,0
43,child,skirts,2,dd,p,ms,0
4,child,socks,1,bp,f,fc,0
5,child,socks,1,bp,f,fc,0
6,child,socks,1,bp,f,fc,0
7,child,socks,1,bp,f,fc,0
8,child,socks,1,bp,f,fc,0
9,child,socks,1,bp,f,fc,0
10,child,socks,1,bp,f,fc,0
11,child,socks,1,dd,f,fc,0
12,child,socks,1,dd,f,fc,1
13,child,socks,1,dd,f,fc,0
14,child,socks,1,dd,f,fc,0
15,child,socks,1,dd,f,fc,0
16,child,socks,1,dd,f,fc,0
17,child,socks,2,bp,f,fc,0
18,child,socks,2,bp,f,fc,0
19,child,socks,2,bp,f,fc,0
20,child,socks,2,bp,f,fc,0
21,child,socks,2,bp,f,fc,0
22,child,socks,2,dd,f,fc,1
23,child,socks,2,dd,f,fc,0
24,child,socks,1,dd,f,fc,0
25,child,socks,1,dd,f,fc,1
26,child,socks,2,dd,f,fc,0
27,child,socks,1,dd,f,fc,0
28,child,socks,2,dd,f,fc,0
29,child,socks,2,dd,f,fc,0
30,child,socks,2,dd,f,fc,0
31,child,socks,2,bp,f,fc,0
32,child,socks,2,bp,f,fc,1
33,child,socks,2,bp,f,fc,0
34,child,socks,1,dd,f,fc,0
35,child,socks,2,dd,f,fc,0
36,child,socks,2,dd,f,fc,0
37,child,socks,1,bp,f,fc,0
38,child,socks,1,bp,f,fc,0
39,child,socks,2,bp,f,fc,1
40,child,socks,2,bp,f,fc,0
41,child,socks,2,dd,f,fc,0
42,child,socks,2,dd,f,fc,1
43,child,socks,2,dd,f,fc,0
4,child,strawberries,1,bp,f,ms,1
5,child,strawberries,1,bp,f,ms,1
6,child,strawberries,1,bp,f,ms,1
7,child,strawberries,1,bp,f,ms,1
8,child,strawberries,1,bp,f,ms,1
9,child,strawberries,1,bp,f,ms,1
10,child,strawberries,1,bp,f,ms,1
11,child,strawberries,1,dd,f,ms,1
12,child,strawberries,1,dd,f,ms,1
13,child,strawberries,1,dd,f,ms,1
14,child,strawberries,1,dd,f,ms,0
15,child,strawberries,1,dd,f,ms,1
16,child,strawberries,1,dd,f,ms,1
17,child,strawberries,2,bp,f,ms,1
18,child,strawberries,2,bp,f,ms,1
19,child,strawberries,2,bp,f,ms,1
20,child,strawberries,2,bp,f,ms,1
21,child,strawberries,2,bp,f,ms,1
22,child,strawberries,2,dd,f,ms,1
23,child,strawberries,2,dd,f,ms,1
24,child,strawberries,1,dd,f,ms,1
25,child,strawberries,1,dd,f,ms,1
26,child,strawberries,2,dd,f,ms,1
27,child,strawberries,1,dd,f,ms,1
28,child,strawberries,2,dd,f,ms,1
29,child,strawberries,2,dd,f,ms,1
30,child,strawberries,2,dd,f,ms,0
31,child,strawberries,2,bp,f,ms,1
32,child,strawberries,2,bp,f,ms,1
33,child,strawberries,2,bp,f,ms,1
34,child,strawberries,1,dd,f,ms,1
35,child,strawberries,2,dd,f,ms,1
36,child,strawberries,2,dd,f,ms,1
37,child,strawberries,1,bp,f,ms,1
38,child,strawberries,1,bp,f,ms,1
39,child,strawberries,2,bp,f,ms,1
40,child,strawberries,2,bp,f,ms,1
41,child,strawberries,2,dd,f,ms,1
42,child,strawberries,2,dd,f,ms,1
43,child,strawberries,2,dd,f,ms,1
4,child,trucks,1,bp,p,t+f,0
5,child,trucks,1,bp,p,t+f,0
6,child,trucks,1,bp,p,t+f,1
7,child,trucks,1,bp,p,t+f,1
8,child,trucks,1,bp,p,t+f,2
9,child,trucks,1,bp,p,t+f,0
10,child,trucks,1,bp,p,t+f,0
11,child,trucks,1,dd,p,t+f,0
12,child,trucks,1,dd,p,t+f,1
13,child,trucks,1,dd,p,t+f,2
14,child,trucks,1,dd,p,t+f,2
15,child,trucks,1,dd,p,t+f,1
16,child,trucks,1,dd,p,t+f,1
17,child,trucks,2,bp,p,t+f,1
18,child,trucks,2,bp,p,t+f,0
19,child,trucks,2,bp,p,t+f,0
20,child,trucks,2,bp,p,t+f,0
21,child,trucks,2,bp,p,t+f,1
22,child,trucks,2,dd,p,t+f,1
23,child,trucks,2,dd,p,t+f,0
24,child,trucks,1,dd,p,t+f,0
25,child,trucks,1,dd,p,t+f,1
26,child,trucks,2,dd,p,t+f,3
27,child,trucks,1,dd,p,t+f,0
28,child,trucks,2,dd,p,t+f,0
29,child,trucks,2,dd,p,t+f,0
30,child,trucks,2,dd,p,t+f,0
31,child,trucks,2,bp,p,t+f,1
32,child,trucks,2,bp,p,t+f,1
33,child,trucks,2,bp,p,t+f,1
34,child,trucks,1,dd,p,t+f,0
35,child,trucks,2,dd,p,t+f,1
36,child,trucks,2,dd,p,t+f,0
37,child,trucks,1,bp,p,t+f,0
38,child,trucks,1,bp,p,t+f,0
39,child,trucks,2,bp,p,t+f,1
40,child,trucks,2,bp,p,t+f,3
41,child,trucks,2,dd,p,t+f,3
42,child,trucks,2,dd,p,t+f,1
43,child,trucks,2,dd,p,t+f,0